model,attack_family,attack_type,raw_detected_windows,confirmed_windows,total_windows,detected_events,total_events,raw_detection_rate,detection_rate,event_detection_rate
Drift Simulation,ddos,syn-flood-port-80,54,48,54,6,6,1.0,0.8888888888888888,1.0
Drift Simulation,ddos,push-ack-flood-port-80,54,48,54,6,6,1.0,0.8888888888888888,1.0
Drift Simulation,ddos,rst-fin-flood-port-80,54,48,54,6,6,1.0,0.8888888888888888,1.0
Drift Simulation,ddos,udp-flood-port-80,54,48,54,6,6,1.0,0.8888888888888888,1.0
Drift Simulation,ddos,rst-fin-flood-port-1883,63,56,63,7,7,1.0,0.8888888888888888,1.0
Drift Simulation,ddos,udp-flood-port-1883,63,56,63,7,7,1.0,0.8888888888888888,1.0
Drift Simulation,ddos,icmp-flood,126,112,126,14,14,1.0,0.8888888888888888,1.0
Drift Simulation,ddos,synonymousip-flood-port-80,56,48,63,6,7,0.8888888888888888,0.7619047619047619,0.8571428571428571
Drift Simulation,ddos,tcp-flood-port-80,54,48,54,6,6,1.0,0.8888888888888888,1.0
Drift Simulation,ddos,push-ack-flood-port-1883,63,56,63,7,7,1.0,0.8888888888888888,1.0
Drift Simulation,ddos,synonymousip-flood-port-1883,63,56,63,7,7,1.0,0.8888888888888888,1.0
Drift Simulation,ddos,syn-flood-port-1883,63,56,63,7,7,1.0,0.8888888888888888,1.0
Drift Simulation,ddos,tcp-flood-port-1883,63,56,63,7,7,1.0,0.8888888888888888,1.0
Drift Simulation,dos,udp-flood,126,112,126,14,14,1.0,0.8888888888888888,1.0
Drift Simulation,dos,syn-flood-port-80,47,41,48,7,7,0.9791666666666666,0.8541666666666666,1.0
Drift Simulation,mitm,ip-spoofing,112,99,112,13,13,1.0,0.8839285714285714,1.0
Drift Simulation,dos,synonymousip-flood-port-80,54,48,54,6,6,1.0,0.8888888888888888,1.0
Drift Simulation,dos,push-ack-flood-port-80,54,48,54,6,6,1.0,0.8888888888888888,1.0
Drift Simulation,dos,synonymousip-flood-port-1883,63,56,63,7,7,1.0,0.8888888888888888,1.0
Drift Simulation,dos,icmp-flood,126,112,126,14,14,1.0,0.8888888888888888,1.0
Drift Simulation,dos,rst-fin-flood-port-1883,90,80,90,10,10,1.0,0.8888888888888888,1.0
Drift Simulation,dos,rst-fin-flood-port-80,36,32,36,4,4,1.0,0.8888888888888888,1.0
Drift Simulation,dos,syn-flood-port-22,4,3,4,1,1,1.0,0.75,1.0
Drift Simulation,dos,ack-frag-flood-port-80,54,48,54,6,6,1.0,0.8888888888888888,1.0
Drift Simulation,dos,http-flood-port-80,36,32,36,4,4,1.0,0.8888888888888888,1.0
Drift Simulation,dos,tcp-flood-port-80,48,41,48,7,7,1.0,0.8541666666666666,1.0
Drift Simulation,dos,tcp-flood-port-1883,63,56,63,7,7,1.0,0.8888888888888888,1.0
Drift Simulation,dos,syn-flood-port-1883,63,56,63,7,7,1.0,0.8888888888888888,1.0
Drift Simulation,dos,push-ack-flood-port-1883,63,56,63,7,7,1.0,0.8888888888888888,1.0
Drift Simulation,dos,syn-flood-port-443,8,6,8,2,2,1.0,0.75,1.0
Drift Simulation,dos,tcp-flood-port-443,8,6,8,2,2,1.0,0.75,1.0
Drift Simulation,ddos,http-flood-port-80,63,56,63,7,7,1.0,0.8888888888888888,1.0
Drift Simulation,dos,syn-flood-port-557,4,3,4,1,1,1.0,0.75,1.0
Drift Simulation,dos,tcp-flood-port-554,12,9,12,3,3,1.0,0.75,1.0
Drift Simulation,dos,syn-flood-port-554,8,6,8,2,2,1.0,0.75,1.0
Drift Simulation,dos,tcp-flood-port-23,4,3,4,1,1,1.0,0.75,1.0
Drift Simulation,dos,tcp-flood-port-22,4,3,4,1,1,1.0,0.75,1.0
Drift Simulation,dos,syn-flood-port-23,4,3,4,1,1,1.0,0.75,1.0
Drift Simulation,ddos,ack-frag-flood-port-80,63,56,63,7,7,1.0,0.8888888888888888,1.0
Drift Simulation,dos,icmp-frag-flood,117,104,117,13,13,1.0,0.8888888888888888,1.0
Drift Simulation,dos,ack-frag-flood-port-1883,63,56,63,7,7,1.0,0.8888888888888888,1.0
Drift Simulation,dos,udp-frag-flood,126,112,126,14,14,1.0,0.8888888888888888,1.0
Drift Simulation,ddos,icmp-frag-flood,117,104,117,13,13,1.0,0.8888888888888888,1.0
Drift Simulation,ddos,udp-frag-flood,117,104,117,13,13,1.0,0.8888888888888888,1.0
Drift Simulation,ddos,ack-frag-flood-port-1883,63,56,63,7,7,1.0,0.8888888888888888,1.0
Drift Simulation,web,sql-injection-blind,158,157,158,1,1,1.0,0.9936708860759493,1.0
Drift Simulation,dos,http-flood-port-9595,9,8,9,1,1,1.0,0.8888888888888888,1.0
Drift Simulation,recon,host-disc-udp-ping,224,213,277,13,20,0.8086642599277978,0.7689530685920578,0.65
Drift Simulation,recon,port-scan,232,220,290,14,20,0.8,0.7586206896551724,0.7
Drift Simulation,recon,host-disc-tcp-syn-stealth,233,220,304,16,20,0.7664473684210527,0.7236842105263158,0.8
Drift Simulation,recon,host-disc-arp-ping,236,223,304,16,20,0.7763157894736842,0.7335526315789473,0.8
Drift Simulation,recon,host-disc-tcp-syn-ping,227,219,282,17,20,0.8049645390070922,0.776595744680851,0.85
Drift Simulation,recon,host-disc-tcp-ack-ping,220,210,295,14,20,0.7457627118644068,0.711864406779661,0.7
Drift Simulation,ddos,http-flood-port-1883,63,56,63,7,7,1.0,0.8888888888888888,1.0
Drift Simulation,malware,mirai-syn-flood,285,279,300,6,6,0.95,0.93,1.0
Drift Simulation,malware,mirai-udp-flood,320,312,353,6,6,0.9065155807365439,0.8838526912181303,1.0
Drift Simulation,recon,os-scan,267,250,314,18,20,0.8503184713375797,0.7961783439490446,0.9
Drift Simulation,recon,vuln-scan,240,223,313,18,20,0.7667731629392971,0.7124600638977636,0.9
Drift Simulation,web,xss,34,33,34,1,1,1.0,0.9705882352941176,1.0
Drift Simulation,web,command-injection,158,157,158,1,1,1.0,0.9936708860759493,1.0
Drift Simulation,ddos,slowloris-port-8000,9,8,9,1,1,1.0,0.8888888888888888,1.0
Drift Simulation,web,sql-injection,60,59,60,1,1,1.0,0.9833333333333333,1.0
Drift Simulation,bruteforce,dictionary-telnet,94,92,94,2,2,1.0,0.9787234042553191,1.0
Drift Simulation,ddos,slowloris-port-554,9,8,9,1,1,1.0,0.8888888888888888,1.0
Drift Simulation,mitm,arp-spoofing,29,22,150,4,10,0.19333333333333333,0.14666666666666667,0.4
Drift Simulation,web,backdoor-upload,32,31,32,1,1,1.0,0.96875,1.0
Drift Simulation,bruteforce,dictionary-ssh,83,80,83,3,3,1.0,0.963855421686747,1.0
Drift Simulation,dos,http-flood-port-554,9,8,9,1,1,1.0,0.8888888888888888,1.0
Drift Simulation,ddos,slowloris-port-80,24,22,27,3,3,0.8888888888888888,0.8148148148148148,1.0
Drift Simulation,dos,slowloris-port-80,18,16,27,2,3,0.6666666666666666,0.5925925925925926,0.6666666666666666
Drift Simulation,recon,ping-sweep,38,34,163,8,20,0.2331288343558282,0.2085889570552147,0.4
Drift Simulation,dos,slowloris-port-8000,9,8,9,1,1,1.0,0.8888888888888888,1.0
Drift Simulation,dos,slowloris-port-554,7,7,9,1,1,0.7777777777777778,0.7777777777777778,1.0
Drift Simulation,mitm,impersonation,1,0,56,0,7,0.017857142857142856,0.0,0.0
Drift Simulation,dos,http-flood-port-443,6,7,9,1,1,0.6666666666666666,0.7777777777777778,1.0
Adaptive Fisher-Weighted Z,ddos,syn-flood-port-80,54,48,54,6,6,1.0,0.8888888888888888,1.0
Adaptive Fisher-Weighted Z,ddos,push-ack-flood-port-80,54,48,54,6,6,1.0,0.8888888888888888,1.0
Adaptive Fisher-Weighted Z,ddos,rst-fin-flood-port-80,54,48,54,6,6,1.0,0.8888888888888888,1.0
Adaptive Fisher-Weighted Z,ddos,udp-flood-port-80,54,48,54,6,6,1.0,0.8888888888888888,1.0
Adaptive Fisher-Weighted Z,ddos,rst-fin-flood-port-1883,63,56,63,7,7,1.0,0.8888888888888888,1.0
Adaptive Fisher-Weighted Z,ddos,udp-flood-port-1883,63,56,63,7,7,1.0,0.8888888888888888,1.0
Adaptive Fisher-Weighted Z,ddos,icmp-flood,126,112,126,14,14,1.0,0.8888888888888888,1.0
Adaptive Fisher-Weighted Z,ddos,synonymousip-flood-port-80,56,48,63,6,7,0.8888888888888888,0.7619047619047619,0.8571428571428571
Adaptive Fisher-Weighted Z,ddos,tcp-flood-port-80,54,48,54,6,6,1.0,0.8888888888888888,1.0
Adaptive Fisher-Weighted Z,ddos,push-ack-flood-port-1883,63,56,63,7,7,1.0,0.8888888888888888,1.0
Adaptive Fisher-Weighted Z,ddos,synonymousip-flood-port-1883,63,56,63,7,7,1.0,0.8888888888888888,1.0
Adaptive Fisher-Weighted Z,ddos,syn-flood-port-1883,63,56,63,7,7,1.0,0.8888888888888888,1.0
Adaptive Fisher-Weighted Z,ddos,tcp-flood-port-1883,63,56,63,7,7,1.0,0.8888888888888888,1.0
Adaptive Fisher-Weighted Z,dos,udp-flood,126,112,126,14,14,1.0,0.8888888888888888,1.0
Adaptive Fisher-Weighted Z,dos,syn-flood-port-80,47,41,48,7,7,0.9791666666666666,0.8541666666666666,1.0
Adaptive Fisher-Weighted Z,mitm,ip-spoofing,112,99,112,13,13,1.0,0.8839285714285714,1.0
Adaptive Fisher-Weighted Z,dos,synonymousip-flood-port-80,54,48,54,6,6,1.0,0.8888888888888888,1.0
Adaptive Fisher-Weighted Z,dos,push-ack-flood-port-80,54,48,54,6,6,1.0,0.8888888888888888,1.0
Adaptive Fisher-Weighted Z,dos,synonymousip-flood-port-1883,63,56,63,7,7,1.0,0.8888888888888888,1.0
Adaptive Fisher-Weighted Z,dos,icmp-flood,126,112,126,14,14,1.0,0.8888888888888888,1.0
Adaptive Fisher-Weighted Z,dos,rst-fin-flood-port-1883,90,80,90,10,10,1.0,0.8888888888888888,1.0
Adaptive Fisher-Weighted Z,dos,rst-fin-flood-port-80,36,32,36,4,4,1.0,0.8888888888888888,1.0
Adaptive Fisher-Weighted Z,dos,syn-flood-port-22,4,3,4,1,1,1.0,0.75,1.0
Adaptive Fisher-Weighted Z,dos,ack-frag-flood-port-80,54,48,54,6,6,1.0,0.8888888888888888,1.0
Adaptive Fisher-Weighted Z,dos,http-flood-port-80,36,32,36,4,4,1.0,0.8888888888888888,1.0
Adaptive Fisher-Weighted Z,dos,tcp-flood-port-80,48,41,48,7,7,1.0,0.8541666666666666,1.0
Adaptive Fisher-Weighted Z,dos,tcp-flood-port-1883,63,56,63,7,7,1.0,0.8888888888888888,1.0
Adaptive Fisher-Weighted Z,dos,syn-flood-port-1883,63,56,63,7,7,1.0,0.8888888888888888,1.0
Adaptive Fisher-Weighted Z,dos,push-ack-flood-port-1883,63,56,63,7,7,1.0,0.8888888888888888,1.0
Adaptive Fisher-Weighted Z,dos,syn-flood-port-443,8,6,8,2,2,1.0,0.75,1.0
Adaptive Fisher-Weighted Z,dos,tcp-flood-port-443,8,6,8,2,2,1.0,0.75,1.0
Adaptive Fisher-Weighted Z,ddos,http-flood-port-80,63,56,63,7,7,1.0,0.8888888888888888,1.0
Adaptive Fisher-Weighted Z,dos,syn-flood-port-557,4,3,4,1,1,1.0,0.75,1.0
Adaptive Fisher-Weighted Z,dos,tcp-flood-port-554,12,9,12,3,3,1.0,0.75,1.0
Adaptive Fisher-Weighted Z,dos,syn-flood-port-554,8,6,8,2,2,1.0,0.75,1.0
Adaptive Fisher-Weighted Z,dos,tcp-flood-port-23,4,3,4,1,1,1.0,0.75,1.0
Adaptive Fisher-Weighted Z,dos,tcp-flood-port-22,4,3,4,1,1,1.0,0.75,1.0
Adaptive Fisher-Weighted Z,dos,syn-flood-port-23,4,3,4,1,1,1.0,0.75,1.0
Adaptive Fisher-Weighted Z,ddos,ack-frag-flood-port-80,63,56,63,7,7,1.0,0.8888888888888888,1.0
Adaptive Fisher-Weighted Z,dos,icmp-frag-flood,117,104,117,13,13,1.0,0.8888888888888888,1.0
Adaptive Fisher-Weighted Z,dos,ack-frag-flood-port-1883,63,56,63,7,7,1.0,0.8888888888888888,1.0
Adaptive Fisher-Weighted Z,dos,udp-frag-flood,126,112,126,14,14,1.0,0.8888888888888888,1.0
Adaptive Fisher-Weighted Z,ddos,icmp-frag-flood,117,104,117,13,13,1.0,0.8888888888888888,1.0
Adaptive Fisher-Weighted Z,ddos,udp-frag-flood,117,104,117,13,13,1.0,0.8888888888888888,1.0
Adaptive Fisher-Weighted Z,ddos,ack-frag-flood-port-1883,63,56,63,7,7,1.0,0.8888888888888888,1.0
Adaptive Fisher-Weighted Z,web,sql-injection-blind,158,157,158,1,1,1.0,0.9936708860759493,1.0
Adaptive Fisher-Weighted Z,dos,http-flood-port-9595,9,8,9,1,1,1.0,0.8888888888888888,1.0
Adaptive Fisher-Weighted Z,recon,host-disc-udp-ping,220,210,277,13,20,0.7942238267148014,0.7581227436823105,0.65
Adaptive Fisher-Weighted Z,recon,port-scan,232,220,290,14,20,0.8,0.7586206896551724,0.7
Adaptive Fisher-Weighted Z,recon,host-disc-tcp-syn-stealth,225,212,304,16,20,0.7401315789473685,0.6973684210526315,0.8
Adaptive Fisher-Weighted Z,recon,host-disc-arp-ping,231,219,304,16,20,0.7598684210526315,0.7203947368421053,0.8
Adaptive Fisher-Weighted Z,recon,host-disc-tcp-syn-ping,221,213,282,15,20,0.7836879432624113,0.7553191489361702,0.75
Adaptive Fisher-Weighted Z,recon,host-disc-tcp-ack-ping,216,209,295,14,20,0.7322033898305085,0.7084745762711865,0.7
Adaptive Fisher-Weighted Z,ddos,http-flood-port-1883,63,56,63,7,7,1.0,0.8888888888888888,1.0
Adaptive Fisher-Weighted Z,malware,mirai-syn-flood,242,236,300,6,6,0.8066666666666666,0.7866666666666666,1.0
Adaptive Fisher-Weighted Z,malware,mirai-udp-flood,292,291,353,6,6,0.8271954674220963,0.8243626062322946,1.0
Adaptive Fisher-Weighted Z,recon,os-scan,266,250,314,18,20,0.8471337579617835,0.7961783439490446,0.9
Adaptive Fisher-Weighted Z,recon,vuln-scan,230,216,313,18,20,0.7348242811501597,0.6900958466453674,0.9
Adaptive Fisher-Weighted Z,web,xss,34,33,34,1,1,1.0,0.9705882352941176,1.0
Adaptive Fisher-Weighted Z,web,command-injection,17,13,158,1,1,0.10759493670886076,0.08227848101265822,1.0
Adaptive Fisher-Weighted Z,ddos,slowloris-port-8000,6,6,9,1,1,0.6666666666666666,0.6666666666666666,1.0
Adaptive Fisher-Weighted Z,web,sql-injection,13,12,60,1,1,0.21666666666666667,0.2,1.0
Adaptive Fisher-Weighted Z,bruteforce,dictionary-telnet,81,86,94,2,2,0.8617021276595744,0.9148936170212766,1.0
Adaptive Fisher-Weighted Z,ddos,slowloris-port-554,9,8,9,1,1,1.0,0.8888888888888888,1.0
Adaptive Fisher-Weighted Z,mitm,arp-spoofing,17,15,150,3,10,0.11333333333333333,0.1,0.3
Adaptive Fisher-Weighted Z,web,backdoor-upload,23,22,32,1,1,0.71875,0.6875,1.0
Adaptive Fisher-Weighted Z,bruteforce,dictionary-ssh,18,17,83,1,3,0.21686746987951808,0.20481927710843373,0.3333333333333333
Adaptive Fisher-Weighted Z,dos,http-flood-port-554,9,8,9,1,1,1.0,0.8888888888888888,1.0
Adaptive Fisher-Weighted Z,ddos,slowloris-port-80,24,22,27,3,3,0.8888888888888888,0.8148148148148148,1.0
Adaptive Fisher-Weighted Z,dos,slowloris-port-80,17,16,27,2,3,0.6296296296296297,0.5925925925925926,0.6666666666666666
Adaptive Fisher-Weighted Z,recon,ping-sweep,8,6,163,3,20,0.049079754601226995,0.03680981595092025,0.15
Adaptive Fisher-Weighted Z,dos,slowloris-port-8000,5,5,9,1,1,0.5555555555555556,0.5555555555555556,1.0
Adaptive Fisher-Weighted Z,dos,slowloris-port-554,7,7,9,1,1,0.7777777777777778,0.7777777777777778,1.0
Adaptive Fisher-Weighted Z,mitm,impersonation,0,0,56,0,7,0.0,0.0,0.0
Adaptive Fisher-Weighted Z,dos,http-flood-port-443,6,7,9,1,1,0.6666666666666666,0.7777777777777778,1.0
