device_type,iteration,particle,candidate,warmup_alpha,stable_alpha,drift_alpha,anchor_strength,confirmation_windows,stable_batch_size,threshold_ceiling,objective,stable_fpr,controlled_drift_fpr,worst_client_stable_fpr,worst_client_controlled_drift_fpr,detection_rate,worst_group_detection,mean_group_shortfall,maximum_group_shortfall
doorbell,0,0,conservative,0.002,1e-05,0.03,0.35,32,64,1.3,0.01204573866809079,0.001128158844765343,0.00157942238267148,0.0012787723785166241,0.0018167137666532096,1.0,1.0,0.0,0.0
doorbell,1,1,pso,0.017655584569107048,0.00010229925108267835,0.065468388715788,0.4638156130767137,13,125,1.456683821194212,0.012924491060133686,0.0012409747292418773,0.0016922382671480144,0.0012787723785166241,0.0020185708518368995,1.0,1.0,0.0,0.0
doorbell,1,2,pso,0.018668035362515156,1.9714842488836478e-05,0.019272391935376273,0.31685911090466157,60,88,1.493656967962498,0.015061935330817478,0.0012409747292418773,0.002256317689530686,0.0012787723785166241,0.0030278562777553493,1.0,1.0,0.0,0.0
doorbell,1,3,pso,0.003852994614586506,3.333366872363813e-05,0.026333067197387077,0.17871776524687888,54,87,1.4548526440512244,0.01204573866809079,0.001128158844765343,0.00157942238267148,0.0012787723785166241,0.0018167137666532096,1.0,1.0,0.0,0.0
doorbell,1,4,pso,0.002558715150156814,0.0017124002038589048,0.07260179744876613,0.5002725736831928,19,68,1.0262822594723373,0.01204573866809079,0.001128158844765343,0.00157942238267148,0.0012787723785166241,0.0018167137666532096,1.0,1.0,0.0,0.0
doorbell,1,5,pso,0.0010175341376835734,0.00037300626813757627,0.04655088144589552,0.5853793795953944,26,57,1.2817334867654848,0.011618249813954032,0.001128158844765343,0.0014666064981949459,0.0012787723785166241,0.0016148566814695195,1.0,1.0,0.0,0.0
doorbell,1,6,pso,0.0011965000538752368,1.9904592042223675e-05,0.020791048065864026,0.25210920707289786,46,65,1.4996069176347024,0.011618249813954032,0.001128158844765343,0.0014666064981949459,0.0012787723785166241,0.0016148566814695195,1.0,1.0,0.0,0.0
doorbell,1,7,pso,0.012574774576068246,5.23317202919728e-05,0.060501336727088906,0.5121439608735608,30,48,1.4094973023849853,0.012924491060133686,0.0012409747292418773,0.0016922382671480144,0.0012787723785166241,0.0020185708518368995,1.0,1.0,0.0,0.0
doorbell,1,8,pso,0.0009516450031119305,2.8839967741513796e-05,0.005111502036007288,0.5041159698759622,45,95,1.4684374186131808,0.011618249813954032,0.001128158844765343,0.0014666064981949459,0.0012787723785166241,0.0016148566814695195,1.0,1.0,0.0,0.0
doorbell,2,1,pso,0.004424023463655399,0.000684049893720506,0.04850580691084538,0.5334494346120392,20,30,1.4189663650352964,0.01204573866809079,0.001128158844765343,0.00157942238267148,0.0012787723785166241,0.0018167137666532096,1.0,1.0,0.0,0.0
doorbell,2,2,pso,0.018204472553226582,0.00014844654123550698,0.07324923281241051,0.6,21,40,1.2043277454351993,0.012924491060133686,0.0012409747292418773,0.0016922382671480144,0.0012787723785166241,0.0020185708518368995,1.0,1.0,0.0,0.0
doorbell,2,3,pso,0.0011372024757208088,9.782534271724166e-05,0.05907397890854933,0.565564309003915,35,79,1.2435891374238932,0.011618249813954032,0.001128158844765343,0.0014666064981949459,0.0012787723785166241,0.0016148566814695195,1.0,1.0,0.0,0.0
doorbell,2,4,pso,0.001975586538629058,0.0002098351167025942,0.06964497198998135,0.5262956300157094,27,71,1.0669994487450754,0.011618249813954032,0.001128158844765343,0.0014666064981949459,0.0012787723785166241,0.0016148566814695195,1.0,1.0,0.0,0.0
doorbell,2,5,pso,0.00074801166215696,0.00027520253259000985,0.051100997144790716,0.5829776451012318,24,58,1.2525277033933908,0.011190760959817274,0.001128158844765343,0.0013537906137184115,0.0012787723785166241,0.0014129995962858296,1.0,1.0,0.0,0.0
doorbell,2,6,pso,0.001311277710887907,2.033359743967112e-05,0.026109121225144805,0.305503088585232,27,61,1.2994957518263095,0.011618249813954032,0.001128158844765343,0.0014666064981949459,0.0012787723785166241,0.0016148566814695195,1.0,1.0,0.0,0.0
doorbell,2,7,pso,0.0007167881066718384,0.00040837463328448657,0.06638542856322406,0.6,24,66,1.4077957207099,0.011190760959817274,0.001128158844765343,0.0013537906137184115,0.0012787723785166241,0.0014129995962858296,1.0,1.0,0.0,0.0
doorbell,2,8,pso,0.0011081568995690394,0.0009782920458932792,0.01734627134999192,0.5153727757587152,34,57,1.175808012072324,0.011618249813954032,0.001128158844765343,0.0014666064981949459,0.0012787723785166241,0.0016148566814695195,1.0,1.0,0.0,0.0
doorbell,3,1,pso,0.0014953193556238012,0.0020000000000000005,0.04005580815803346,0.6,27,16,1.3802674610224073,0.011190760959817274,0.001128158844765343,0.0013537906137184115,0.0012787723785166241,0.0014129995962858296,1.0,1.0,0.0,0.0
doorbell,3,2,pso,0.002989776907890578,0.0009906658667658203,0.1,0.6,8,31,1.0089631635519716,0.01204573866809079,0.001128158844765343,0.00157942238267148,0.0012787723785166241,0.0018167137666532096,1.0,1.0,0.0,0.0
doorbell,3,3,pso,0.0004999999999999999,0.0008432537278501625,0.08404305840584037,0.6,8,53,1.1061493482428537,0.011190760959817274,0.001128158844765343,0.0013537906137184115,0.0012787723785166241,0.0014129995962858296,1.0,1.0,0.0,0.0
doorbell,3,4,pso,0.001354999837208976,6.003046693244329e-05,0.053276480914477266,0.6,31,65,1.2734870674106744,0.011618249813954032,0.001128158844765343,0.0014666064981949459,0.0012787723785166241,0.0016148566814695195,1.0,1.0,0.0,0.0
doorbell,3,5,pso,0.0006030591833821927,0.00022243741206570848,0.05454819706839115,0.581296430955318,22,58,1.2320836550329253,0.011190760959817274,0.001128158844765343,0.0013537906137184115,0.0012787723785166241,0.0014129995962858296,1.0,1.0,0.0,0.0
doorbell,3,6,pso,0.0009779396271374508,9.0505831518501e-05,0.04609535035005906,0.441587348613411,13,58,1.175223918350236,0.011618249813954032,0.001128158844765343,0.0014666064981949459,0.0012787723785166241,0.0016148566814695195,1.0,1.0,0.0,0.0
doorbell,3,7,pso,0.0004999999999999999,0.0012531383191590004,0.050773638248730144,0.6,20,71,1.259196815405767,0.011190760959817274,0.001128158844765343,0.0013537906137184115,0.0012787723785166241,0.0014129995962858296,1.0,1.0,0.0,0.0
doorbell,3,8,pso,0.0009088145426248484,7.79632797691933e-05,0.02752969332305157,0.5883407988776924,21,80,1.4152691778338684,0.011190760959817274,0.001128158844765343,0.0013537906137184115,0.0012787723785166241,0.0014129995962858296,1.0,1.0,0.0,0.0
doorbell,4,1,pso,0.0004999999999999999,0.0005540437293749549,0.035190667395920014,0.6,28,16,1.2653159969680892,0.011190760959817274,0.001128158844765343,0.0013537906137184115,0.0012787723785166241,0.0014129995962858296,1.0,1.0,0.0,0.0
doorbell,4,2,pso,0.0004999999999999999,0.0020000000000000005,0.0734100105532082,0.6,8,64,1.1934208802573332,0.011190760959817274,0.001128158844765343,0.0013537906137184115,0.0012787723785166241,0.0014129995962858296,1.0,1.0,0.0,0.0
doorbell,4,3,pso,0.0004999999999999999,0.000933967036095319,0.0993537556691354,0.6,8,39,1.0297993430979602,0.011190760959817274,0.001128158844765343,0.0013537906137184115,0.0012787723785166241,0.0014129995962858296,1.0,1.0,0.0,0.0
doorbell,4,4,pso,0.0007352561374811388,6.728451013205855e-05,0.05535982585790756,0.5571845369103332,24,60,1.362232565833408,0.011190760959817274,0.001128158844765343,0.0013537906137184115,0.0012787723785166241,0.0014129995962858296,1.0,1.0,0.0,0.0
doorbell,4,5,pso,0.0007930098150174614,0.00022159415466264668,0.052901257666641006,0.5819425787052821,23,57,1.2484721654194302,0.011190760959817274,0.001128158844765343,0.0013537906137184115,0.0012787723785166241,0.0014129995962858296,1.0,1.0,0.0,0.0
doorbell,4,6,pso,0.0006143011093320363,0.0001238101690773011,0.05335351416590475,0.6,23,65,1.3984751364349743,0.011190760959817274,0.001128158844765343,0.0013537906137184115,0.0012787723785166241,0.0014129995962858296,1.0,1.0,0.0,0.0
doorbell,4,7,pso,0.0004999999999999999,0.0005088893090132114,0.05263060328192385,0.6,26,58,1.2305530573707162,0.011190760959817274,0.001128158844765343,0.0013537906137184115,0.0012787723785166241,0.0014129995962858296,1.0,1.0,0.0,0.0
doorbell,4,8,pso,0.0007559590227035973,5.326989516293566e-05,0.045499074689896106,0.6,14,63,1.4336067316849173,0.011190760959817274,0.001128158844765343,0.0013537906137184115,0.0012787723785166241,0.0014129995962858296,1.0,1.0,0.0,0.0
doorbell,5,1,pso,0.0004999999999999999,0.0003192040530462841,0.03864077895877825,0.6,25,16,1.199282897694839,0.011190760959817274,0.001128158844765343,0.0013537906137184115,0.0012787723785166241,0.0014129995962858296,1.0,1.0,0.0,0.0
doorbell,5,2,pso,0.0004999999999999999,0.0020000000000000005,0.05076481548344151,0.6,8,85,1.3883885792299129,0.011190760959817274,0.001128158844765343,0.0013537906137184115,0.0012787723785166241,0.0014129995962858296,1.0,1.0,0.0,0.0
doorbell,5,3,pso,0.0004999999999999999,0.00021032456644022417,0.04111930522820898,0.6,9,66,1.0333360241729106,0.011190760959817274,0.001128158844765343,0.0013537906137184115,0.0012787723785166241,0.0014129995962858296,1.0,1.0,0.0,0.0
doorbell,5,4,pso,0.0004999999999999999,0.0005521484030579978,0.050459698641237526,0.5570861902437129,19,54,1.3082746522947175,0.011190760959817274,0.001128158844765343,0.0013537906137184115,0.0012787723785166241,0.0014129995962858296,1.0,1.0,0.0,0.0
doorbell,5,5,pso,0.0008942896247674623,0.00033196700449465217,0.05007142317737639,0.5833588423969222,25,57,1.2645322325903166,0.011190760959817274,0.001128158844765343,0.0013537906137184115,0.0012787723785166241,0.0014129995962858296,1.0,1.0,0.0,0.0
doorbell,5,6,pso,0.0005679626288905495,0.0005043148193021707,0.05701566016785596,0.6,31,67,1.4566205441543567,0.011190760959817274,0.001128158844765343,0.0013537906137184115,0.0012787723785166241,0.0014129995962858296,1.0,1.0,0.0,0.0
doorbell,5,7,pso,0.0004999999999999999,0.00020310598825760227,0.06551299362524816,0.6,27,55,1.3311646903444432,0.011190760959817274,0.001128158844765343,0.0013537906137184115,0.0012787723785166241,0.0014129995962858296,1.0,1.0,0.0,0.0
doorbell,5,8,pso,0.0007786979027679243,5.596844473664817e-05,0.04576525898996005,0.6,25,70,1.298603221311108,0.011190760959817274,0.001128158844765343,0.0013537906137184115,0.0012787723785166241,0.0014129995962858296,1.0,1.0,0.0,0.0
doorbell,6,1,pso,0.0006122701195669408,0.0003928677130741696,0.04547755984894039,0.6,24,44,1.4388825750961058,0.011190760959817274,0.001128158844765343,0.0013537906137184115,0.0012787723785166241,0.0014129995962858296,1.0,1.0,0.0,0.0
doorbell,6,2,pso,0.0004999999999999999,0.00014013481070186933,0.05306890721871115,0.6,8,62,1.1366268220854128,0.011190760959817274,0.001128158844765343,0.0013537906137184115,0.0012787723785166241,0.0014129995962858296,1.0,1.0,0.0,0.0
doorbell,6,3,pso,0.0005951359119873013,0.0002953838188764793,0.05951781598616602,0.6,10,76,1.3123245443070823,0.011190760959817274,0.001128158844765343,0.0013537906137184115,0.0012787723785166241,0.0014129995962858296,1.0,1.0,0.0,0.0
doorbell,6,4,pso,0.0007805365119205421,0.0007709768484971203,0.0508103792833846,0.5858701079599026,26,52,1.2783180988792917,0.011190760959817274,0.001128158844765343,0.0013537906137184115,0.0012787723785166241,0.0014129995962858296,1.0,1.0,0.0,0.0
doorbell,6,5,pso,0.0007822818696066555,0.0003436420253202359,0.04957168779383977,0.5837996808786636,24,58,1.2684154429402463,0.011190760959817274,0.001128158844765343,0.0013537906137184115,0.0012787723785166241,0.0014129995962858296,1.0,1.0,0.0,0.0
doorbell,6,6,pso,0.0008041611132184667,0.00016651161762693947,0.05392761930002751,0.6,25,55,1.339393230825733,0.011190760959817274,0.001128158844765343,0.0013537906137184115,0.0012787723785166241,0.0014129995962858296,1.0,1.0,0.0,0.0
doorbell,6,7,pso,0.0010159718976991974,0.0002722476590302935,0.07026047901543807,0.5818123569381883,23,55,1.4454490792010906,0.011618249813954032,0.001128158844765343,0.0014666064981949459,0.0012787723785166241,0.0016148566814695195,1.0,1.0,0.0,0.0
doorbell,6,8,pso,0.0008431055303437337,0.0005249940020280937,0.03292188342474954,0.5851936644820515,26,77,1.2927755616546062,0.011190760959817274,0.001128158844765343,0.0013537906137184115,0.0012787723785166241,0.0014129995962858296,1.0,1.0,0.0,0.0
doorbell,7,1,pso,0.0030773158607305825,0.0019087617099279495,0.04806618048441123,0.599662994007772,28,50,1.577868793817414,0.01204573866809079,0.001128158844765343,0.00157942238267148,0.0012787723785166241,0.0018167137666532096,1.0,1.0,0.0,0.0
doorbell,7,2,pso,0.0005630516280774514,3.513501038278857e-05,0.05937331454175915,0.6,15,48,1.0091226323526485,0.011190760959817274,0.001128158844765343,0.0013537906137184115,0.0012787723785166241,0.0014129995962858296,1.0,1.0,0.0,0.0
doorbell,7,3,pso,0.0008097794869006171,0.0016945728890264001,0.1,0.6,16,40,1.3648952879991372,0.011618249813954032,0.001128158844765343,0.0014666064981949459,0.0012787723785166241,0.0016148566814695195,1.0,1.0,0.0,0.0
doorbell,7,4,pso,0.0009812936558086436,2.3420384490739488e-05,0.05480726092376671,0.573026069972762,27,64,1.2862022975786533,0.011618249813954032,0.001128158844765343,0.0014666064981949459,0.0012787723785166241,0.0016148566814695195,1.0,1.0,0.0,0.0
doorbell,7,5,pso,0.0006854682903057839,0.00023192470708033203,0.04968467285062704,0.5824620376314052,23,58,1.2511306659568702,0.011190760959817274,0.001128158844765343,0.0013537906137184115,0.0012787723785166241,0.0014129995962858296,1.0,1.0,0.0,0.0
doorbell,7,6,pso,0.0007362520818272398,0.00012609082438690036,0.05143252233689797,0.6,19,58,1.2565166318160452,0.011190760959817274,0.001128158844765343,0.0013537906137184115,0.0012787723785166241,0.0014129995962858296,1.0,1.0,0.0,0.0
doorbell,7,7,pso,0.0009891303770279414,0.00037752847065207257,0.05306197086885341,0.5733455840482824,22,74,1.3173270661467662,0.011618249813954032,0.001128158844765343,0.0014666064981949459,0.0012787723785166241,0.0016148566814695195,1.0,1.0,0.0,0.0
doorbell,7,8,pso,0.0009089112404543982,0.0010738795766557074,0.03552535983223231,0.5744702953428407,23,70,1.2643069767617052,0.011618249813954032,0.001128158844765343,0.0014666064981949459,0.0012787723785166241,0.0016148566814695195,1.0,1.0,0.0,0.0
doorbell,8,1,pso,0.003195969629029341,0.000586129924601318,0.04196109063912632,0.5893775752201891,30,34,1.4182627570205677,0.01204573866809079,0.001128158844765343,0.00157942238267148,0.0012787723785166241,0.0018167137666532096,1.0,1.0,0.0,0.0
doorbell,8,2,pso,0.000760196615250064,0.00014513794279102016,0.053031100714628326,0.6,19,51,1.2988092567003418,0.011190760959817274,0.001128158844765343,0.0013537906137184115,0.0012787723785166241,0.0014129995962858296,1.0,1.0,0.0,0.0
doorbell,8,3,pso,0.0005797626662608257,0.000761902161027714,0.0571796575928446,0.6,14,40,1.2277642799708393,0.011190760959817274,0.001128158844765343,0.0013537906137184115,0.0012787723785166241,0.0014129995962858296,1.0,1.0,0.0,0.0
doorbell,8,4,pso,0.0008036500702295038,0.00010979709829107121,0.054574755289710355,0.5535424297182397,19,64,1.2532986759398081,0.011190760959817274,0.001128158844765343,0.0013537906137184115,0.0012787723785166241,0.0014129995962858296,1.0,1.0,0.0,0.0
doorbell,8,5,pso,0.0007210953746352555,0.00021565524567752114,0.05162427268617761,0.5822375677420805,24,58,1.2418416819908624,0.011190760959817274,0.001128158844765343,0.0013537906137184115,0.0012787723785166241,0.0014129995962858296,1.0,1.0,0.0,0.0
doorbell,8,6,pso,0.0006563565605909695,0.00016451327254008994,0.05125012665416086,0.6,22,68,1.1987694233534132,0.011190760959817274,0.001128158844765343,0.0013537906137184115,0.0012787723785166241,0.0014129995962858296,1.0,1.0,0.0,0.0
doorbell,8,7,pso,0.0004999999999999999,0.0003907186405331406,0.057827949988998394,0.5830106685154779,24,77,1.265571678203826,0.011190760959817274,0.001128158844765343,0.0013537906137184115,0.0012787723785166241,0.0014129995962858296,1.0,1.0,0.0,0.0
doorbell,8,8,pso,0.0007842197938360566,5.097606899413429e-05,0.05077608442624211,0.5858520284972222,18,58,1.3453359058029595,0.011190760959817274,0.001128158844765343,0.0013537906137184115,0.0012787723785166241,0.0014129995962858296,1.0,1.0,0.0,0.0
doorbell,9,1,pso,0.0014025071403525895,0.0003099018778151133,0.04972813798435971,0.581970737002748,22,34,1.1819975885550997,0.011618249813954032,0.001128158844765343,0.0014666064981949459,0.0012787723785166241,0.0016148566814695195,1.0,1.0,0.0,0.0
doorbell,9,2,pso,0.0006842246886897428,0.0020000000000000005,0.06575372318906225,0.6,21,67,1.421527573355617,0.011618249813954032,0.001128158844765343,0.0014666064981949459,0.0012787723785166241,0.0016148566814695195,1.0,1.0,0.0,0.0
doorbell,9,3,pso,0.0005573730221207293,0.0003875386630063533,0.05928305095404737,0.597361630379933,8,59,1.123089144082368,0.011190760959817274,0.001128158844765343,0.0013537906137184115,0.0012787723785166241,0.0014129995962858296,1.0,1.0,0.0,0.0
doorbell,9,4,pso,0.0006216112834522164,0.00040329873635868075,0.051854839604064965,0.5609653740358256,23,55,1.3186724027876333,0.011190760959817274,0.001128158844765343,0.0013537906137184115,0.0012787723785166241,0.0014129995962858296,1.0,1.0,0.0,0.0
doorbell,9,5,pso,0.0007960574851458033,0.0003032876696338328,0.052301006400478044,0.5835465606958622,24,57,1.2455566177409008,0.011190760959817274,0.001128158844765343,0.0013537906137184115,0.0012787723785166241,0.0014129995962858296,1.0,1.0,0.0,0.0
doorbell,9,6,pso,0.0005894823979559272,0.00021720175138230458,0.05333604131654552,0.5998036677275524,26,57,1.2115811907388512,0.011190760959817274,0.001128158844765343,0.0013537906137184115,0.0012787723785166241,0.0014129995962858296,1.0,1.0,0.0,0.0
doorbell,9,7,pso,0.0008695104706319326,0.00032003250869746814,0.0576219625175892,0.6,25,64,1.324099794541726,0.011190760959817274,0.001128158844765343,0.0013537906137184115,0.0012787723785166241,0.0014129995962858296,1.0,1.0,0.0,0.0
doorbell,9,8,pso,0.0007228132161498219,1.3157395142930776e-05,0.029879662633023694,0.5943580319316253,20,67,1.3836834542276009,0.011190760959817274,0.001128158844765343,0.0013537906137184115,0.0012787723785166241,0.0014129995962858296,1.0,1.0,0.0,0.0
doorbell,10,1,pso,0.0006245833460160796,0.0006054466600721205,0.045954822068718044,0.5940392922916737,20,23,1.2111188166872688,0.011190760959817274,0.001128158844765343,0.0013537906137184115,0.0012787723785166241,0.0014129995962858296,1.0,1.0,0.0,0.0
doorbell,10,2,pso,0.0006344616419050109,0.0020000000000000005,0.06169943107529702,0.5806756124244933,15,67,1.1267705052672574,0.011618249813954032,0.001128158844765343,0.0014666064981949459,0.0012787723785166241,0.0016148566814695195,1.0,1.0,0.0,0.0
doorbell,10,3,pso,0.0006097423046542086,0.0003779581852520906,0.08134674806021298,0.5770200664586205,25,67,1.220977276257866,0.011190760959817274,0.001128158844765343,0.0013537906137184115,0.0012787723785166241,0.0014129995962858296,1.0,1.0,0.0,0.0
doorbell,10,4,pso,0.0007069110632537684,0.00014301429666030183,0.052800874235444245,0.5791440375276842,28,52,1.3427367834634807,0.011190760959817274,0.001128158844765343,0.0013537906137184115,0.0012787723785166241,0.0014129995962858296,1.0,1.0,0.0,0.0
doorbell,10,5,pso,0.000804254170333975,0.00034943238188387733,0.05092780860672005,0.5840056273402842,24,58,1.264010238143038,0.011190760959817274,0.001128158844765343,0.0013537906137184115,0.0012787723785166241,0.0014129995962858296,1.0,1.0,0.0,0.0
doorbell,10,6,pso,0.0006048277512473639,0.00026016373555714725,0.053683997688672075,0.5795960867732263,21,59,1.3372635636120462,0.011190760959817274,0.001128158844765343,0.0013537906137184115,0.0012787723785166241,0.0014129995962858296,1.0,1.0,0.0,0.0
doorbell,10,7,pso,0.001028278167951995,0.00026712803236039675,0.050903836492023444,0.6,25,53,1.4128289984402018,0.011618249813954032,0.001128158844765343,0.0014666064981949459,0.0012787723785166241,0.0016148566814695195,1.0,1.0,0.0,0.0
doorbell,10,8,pso,0.0007678465868895941,0.0018988090261775428,0.020002992607172282,0.5893556017793178,26,75,1.2660814442421597,0.011618249813954032,0.001128158844765343,0.0014666064981949459,0.0012787723785166241,0.0016148566814695195,1.0,1.0,0.0,0.0
thermostat,0,0,conservative,0.002,1e-05,0.03,0.35,32,64,1.3,0.009223318077803196,0.0015255530129672007,0.0,0.0015255530129672007,0.0,0.9986000000000002,0.998,0.0,0.0
thermostat,1,1,pso,0.010082506942881621,1.2610384616917938e-05,0.005309200145945849,0.5276456621299634,41,41,1.4510753630911695,0.009223318077803196,0.0015255530129672007,0.0,0.0015255530129672007,0.0,0.9986000000000002,0.998,0.0,0.0
thermostat,1,2,pso,0.0016840477416136534,9.255113898198559e-05,0.019309692942906822,0.5798915606495569,58,47,1.1671205786676255,0.009223318077803196,0.0015255530129672007,0.0,0.0015255530129672007,0.0,0.9986000000000002,0.998,0.0,0.0
thermostat,1,3,pso,0.003491155185043948,1.0218401607935744e-05,0.01261505337976703,0.5782893074086265,55,76,1.2912931275744925,0.009223318077803196,0.0015255530129672007,0.0,0.0015255530129672007,0.0,0.9986000000000002,0.998,0.0,0.0
thermostat,1,4,pso,0.038835004931298045,0.00023169229850922936,0.08426931202293282,0.5990467849233542,10,29,1.4567193027861083,0.009203318077803198,0.0015255530129672007,0.0,0.0015255530129672007,0.0,0.9990000000000001,0.998,0.0,0.0
thermostat,1,5,pso,0.0008938094506145977,6.117735036236693e-05,0.012282990038603813,0.39797029076537527,11,67,1.3332499372967934,0.009223318077803196,0.0015255530129672007,0.0,0.0015255530129672007,0.0,0.9986000000000002,0.998,0.0,0.0
thermostat,1,6,pso,0.0008655876531571652,6.104208569098598e-05,0.02266767432535624,0.2867842997575748,31,62,1.0559883052941128,0.009223318077803196,0.0015255530129672007,0.0,0.0015255530129672007,0.0,0.9986000000000002,0.998,0.0,0.0
thermostat,1,7,pso,0.007498299885421975,1.4804875474249933e-05,0.028460544084051808,0.18729218218073873,38,111,1.173277756186975,0.00921331807780319,0.0015255530129672007,0.0,0.0015255530129672007,0.0,0.9988000000000002,0.998,0.0,0.0
thermostat,1,8,pso,0.0007319134325964535,5.463039054666651e-05,0.01783430494170094,0.4254745230284086,16,16,1.5058493880560837,0.009223318077803196,0.0015255530129672007,0.0,0.0015255530129672007,0.0,0.9986000000000002,0.998,0.0,0.0
thermostat,2,1,pso,0.014728033431064578,2.858195558097657e-05,0.036415067293596316,0.5861914362208954,40,21,1.428098547011689,0.00921331807780319,0.0015255530129672007,0.0,0.0015255530129672007,0.0,0.9988000000000002,0.998,0.0,0.0
thermostat,2,2,pso,0.0021207647142726517,0.00012036857478988075,0.023732989828048334,0.6,8,34,1.3402783001876557,0.009223318077803196,0.0015255530129672007,0.0,0.0015255530129672007,0.0,0.9986000000000002,0.998,0.0,0.0
thermostat,2,3,pso,0.04665514599835595,7.303524465869617e-05,0.01534133903470202,0.6,48,68,1.35412100726551,0.009203318077803198,0.0015255530129672007,0.0,0.0015255530129672007,0.0,0.9990000000000001,0.998,0.0,0.0
thermostat,2,4,pso,0.04381210497969047,0.0002540502370984513,0.08086784906174435,0.5927157109648907,10,35,1.4686075572468855,0.009203318077803198,0.0015255530129672007,0.0,0.0015255530129672007,0.0,0.9990000000000001,0.998,0.0,0.0
thermostat,2,5,pso,0.021717293355710328,7.520978283013138e-05,0.014364738529825413,0.6,11,35,1.5042761222215453,0.009203318077803198,0.0015255530129672007,0.0,0.0015255530129672007,0.0,0.9990000000000001,0.998,0.0,0.0
thermostat,2,6,pso,0.0007379473005811498,0.0003791570571340562,0.08849590987629295,0.5258756714978582,13,36,1.3057847153569566,0.009223318077803196,0.0015255530129672007,0.0,0.0015255530129672007,0.0,0.9986000000000002,0.998,0.0,0.0
thermostat,2,7,pso,0.0297160177339881,1.8336588416992166e-05,0.0780946644974515,0.6,23,92,1.463463416042414,0.009203318077803198,0.0015255530129672007,0.0,0.0015255530129672007,0.0,0.9990000000000001,0.998,0.0,0.0
thermostat,2,8,pso,0.008449083040897367,6.341381358542797e-05,0.059754384709477935,0.4914334542024358,8,23,1.4320893655210516,0.009223318077803196,0.0015255530129672007,0.0,0.0015255530129672007,0.0,0.9986000000000002,0.998,0.0,0.0
thermostat,3,1,pso,0.02914269136172113,0.0005862838786691984,0.1,0.6,23,16,1.4259632085680023,0.009203318077803198,0.0015255530129672007,0.0,0.0015255530129672007,0.0,0.9990000000000001,0.998,0.0,0.0
thermostat,3,2,pso,0.0052767664800706365,0.00027635960712524315,0.1,0.6,8,26,1.2922898630161048,0.009223318077803196,0.0015255530129672007,0.0,0.0015255530129672007,0.0,0.9986000000000002,0.998,0.0,0.0
thermostat,3,3,pso,0.049999999999999996,0.0010937854941696745,0.04211353341613098,0.6,8,16,1.4111785683416018,0.009203318077803198,0.0015255530129672007,0.0,0.0015255530129672007,0.0,0.9990000000000001,0.998,0.0,0.0
thermostat,3,4,pso,0.0427631415994283,0.00023542262486367924,0.08359395323504748,0.5974499845661967,10,31,1.4614159461737213,0.009203318077803198,0.0015255530129672007,0.0,0.0015255530129672007,0.0,0.9990000000000001,0.998,0.0,0.0
thermostat,3,5,pso,0.049999999999999996,0.0002841007748255142,0.07099988041594224,0.6,10,16,1.6,0.009203318077803198,0.0015255530129672007,0.0,0.0015255530129672007,0.0,0.9990000000000001,0.998,0.0,0.0
thermostat,3,6,pso,0.033752824653265574,0.00017465211829496523,0.050344794702810954,0.6,8,46,1.4060364771390486,0.009203318077803198,0.0015255530129672007,0.0,0.0015255530129672007,0.0,0.9990000000000001,0.998,0.0,0.0
thermostat,3,7,pso,0.049999999999999996,0.0001912844772673333,0.1,0.6,8,16,1.6,0.009203318077803198,0.0015255530129672007,0.0,0.0015255530129672007,0.0,0.9990000000000001,0.998,0.0,0.0
thermostat,3,8,pso,0.004684450272539016,0.00021880439632190584,0.05132254829921786,0.5955546246845186,8,29,1.4371998528025893,0.009223318077803196,0.0015255530129672007,0.0,0.0015255530129672007,0.0,0.9986000000000002,0.998,0.0,0.0
thermostat,4,1,pso,0.049999999999999996,0.0020000000000000005,0.1,0.6,8,27,1.4254467887832611,0.009203318077803198,0.0015255530129672007,0.0,0.0015255530129672007,0.0,0.9990000000000001,0.998,0.0,0.0
thermostat,4,2,pso,0.049999999999999996,0.00034275819615477203,0.1,0.5897014013828906,13,52,1.302575878886515,0.009203318077803198,0.0015255530129672007,0.0,0.0015255530129672007,0.0,0.9990000000000001,0.998,0.0,0.0
thermostat,4,3,pso,0.049999999999999996,0.00015345816194986198,0.1,0.6,16,44,1.4773176473872227,0.009203318077803198,0.0015255530129672007,0.0,0.0015255530129672007,0.0,0.9990000000000001,0.998,0.0,0.0
thermostat,4,4,pso,0.03334103141795313,0.00021402120133319326,0.08566808172432036,0.6,10,26,1.4541675907421077,0.009203318077803198,0.0015255530129672007,0.0,0.0015255530129672007,0.0,0.9990000000000001,0.998,0.0,0.0
thermostat,4,5,pso,0.049999999999999996,0.00014467301435551933,0.09610581958359,0.6,11,23,1.5173820118890218,0.009203318077803198,0.0015255530129672007,0.0,0.0015255530129672007,0.0,0.9990000000000001,0.998,0.0,0.0
thermostat,4,6,pso,0.049999999999999996,0.0001038144908179068,0.07136966377520514,0.6,8,40,1.531204988093481,0.009203318077803198,0.0015255530129672007,0.0,0.0015255530129672007,0.0,0.9990000000000001,0.998,0.0,0.0
thermostat,4,7,pso,0.049999999999999996,0.00036632795623426165,0.1,0.6,8,16,1.5190289961020138,0.009203318077803198,0.0015255530129672007,0.0,0.0015255530129672007,0.0,0.9990000000000001,0.998,0.0,0.0
thermostat,4,8,pso,0.0017655038555931795,0.00016800838238803542,0.044707444476128365,0.48299248575261144,11,19,1.4749410826581384,0.009223318077803196,0.0015255530129672007,0.0,0.0015255530129672007,0.0,0.9986000000000002,0.998,0.0,0.0
thermostat,5,1,pso,0.04860779453964509,0.0006809209132120543,0.1,0.6,18,29,1.4327882396085252,0.009203318077803198,0.0015255530129672007,0.0,0.0015255530129672007,0.0,0.9990000000000001,0.998,0.0,0.0
thermostat,5,2,pso,0.049999999999999996,0.00034603501841866884,0.1,0.5919725278799197,12,49,1.539969870327436,0.009203318077803198,0.0015255530129672007,0.0,0.0015255530129672007,0.0,0.9990000000000001,0.998,0.0,0.0
thermostat,5,3,pso,0.049999999999999996,2.439122899906307e-05,0.1,0.6,52,81,1.4563063414997275,0.009203318077803198,0.0015255530129672007,0.0,0.0015255530129672007,0.0,0.9990000000000001,0.998,0.0,0.0
thermostat,5,4,pso,0.035997964372357104,0.0002304865435560708,0.08573567661408546,0.6,10,26,1.4506237470753756,0.009203318077803198,0.0015255530129672007,0.0,0.0015255530129672007,0.0,0.9990000000000001,0.998,0.0,0.0
thermostat,5,5,pso,0.035929917984906155,4.90312914592262e-05,0.09608625528405908,0.6,12,36,1.4088962075555118,0.009203318077803198,0.0015255530129672007,0.0,0.0015255530129672007,0.0,0.9990000000000001,0.998,0.0,0.0
thermostat,5,6,pso,0.049999999999999996,0.00045298325056662535,0.08705368932094966,0.6,8,25,1.4436113577156466,0.009203318077803198,0.0015255530129672007,0.0,0.0015255530129672007,0.0,0.9990000000000001,0.998,0.0,0.0
thermostat,5,7,pso,0.04243381106217308,2.4101139821184208e-05,0.1,0.6,17,35,1.3158049941302208,0.009203318077803198,0.0015255530129672007,0.0,0.0015255530129672007,0.0,0.9990000000000001,0.998,0.0,0.0
thermostat,5,8,pso,0.012204219023749878,5.849887114275364e-05,0.04637197633730622,0.5284467694308284,13,20,1.498742172765533,0.00921331807780319,0.0015255530129672007,0.0,0.0015255530129672007,0.0,0.9988000000000002,0.998,0.0,0.0
thermostat,6,1,pso,0.029654196722977977,7.26522474469265e-05,0.1,0.6,18,17,1.470873338996755,0.009203318077803198,0.0015255530129672007,0.0,0.0015255530129672007,0.0,0.9990000000000001,0.998,0.0,0.0
thermostat,6,2,pso,0.049999999999999996,0.00020211514429847754,0.1,0.6,9,47,1.4170625409403494,0.009203318077803198,0.0015255530129672007,0.0,0.0015255530129672007,0.0,0.9990000000000001,0.998,0.0,0.0
thermostat,6,3,pso,0.04816988213147715,0.000263152950087855,0.012301902058617049,0.6,50,86,1.3320168185547834,0.009203318077803198,0.0015255530129672007,0.0,0.0015255530129672007,0.0,0.9990000000000001,0.998,0.0,0.0
thermostat,6,4,pso,0.045373318439238114,0.0002453636708646731,0.08302940846566659,0.6,10,33,1.4569718025174252,0.009203318077803198,0.0015255530129672007,0.0,0.0015255530129672007,0.0,0.9990000000000001,0.998,0.0,0.0
thermostat,6,5,pso,0.019738866112304954,0.00015773178583418013,0.019881267786910285,0.6,11,37,1.4183829902936158,0.009203318077803198,0.0015255530129672007,0.0,0.0015255530129672007,0.0,0.9990000000000001,0.998,0.0,0.0
thermostat,6,6,pso,0.049999999999999996,0.00021596560642916663,0.049665115082058134,0.6,8,31,1.3670536813378649,0.009203318077803198,0.0015255530129672007,0.0,0.0015255530129672007,0.0,0.9990000000000001,0.998,0.0,0.0
thermostat,6,7,pso,0.026693262848733402,1.2510062730537503e-05,0.09354917795706735,0.6,28,65,1.3455131383288248,0.009203318077803198,0.0015255530129672007,0.0,0.0015255530129672007,0.0,0.9990000000000001,0.998,0.0,0.0
thermostat,6,8,pso,0.049999999999999996,3.4723208123888e-05,0.06782205639370575,0.6,13,31,1.5141918161014019,0.009203318077803198,0.0015255530129672007,0.0,0.0015255530129672007,0.0,0.9990000000000001,0.998,0.0,0.0
thermostat,7,1,pso,0.03074400210102514,7.501935974423949e-05,0.1,0.6,13,26,1.4678014007613978,0.009203318077803198,0.0015255530129672007,0.0,0.0015255530129672007,0.0,0.9990000000000001,0.998,0.0,0.0
thermostat,7,2,pso,0.049999999999999996,0.00027168967302038365,0.0925479488488971,0.5920080843729839,10,40,1.1971511040283294,0.009203318077803198,0.0015255530129672007,0.0,0.0015255530129672007,0.0,0.9990000000000001,0.998,0.0,0.0
thermostat,7,3,pso,0.035633123140928015,0.0007803635338177991,0.009804737167660319,0.6,21,28,1.3014047301843696,0.009203318077803198,0.0015255530129672007,0.0,0.0015255530129672007,0.0,0.9990000000000001,0.998,0.0,0.0
thermostat,7,4,pso,0.04666294696006351,0.00023449583977651846,0.08304387909645403,0.5988136008888872,10,32,1.4611906495003684,0.009203318077803198,0.0015255530129672007,0.0,0.0015255530129672007,0.0,0.9990000000000001,0.998,0.0,0.0
thermostat,7,5,pso,0.017685737916110642,0.00027146069812155715,0.0293779801120089,0.6,10,32,1.4962361447208647,0.00921331807780319,0.0015255530129672007,0.0,0.0015255530129672007,0.0,0.9988000000000002,0.998,0.0,0.0
thermostat,7,6,pso,0.049999999999999996,0.00011504484671896117,0.050549165804984024,0.6,8,43,1.4189207250680722,0.009203318077803198,0.0015255530129672007,0.0,0.0015255530129672007,0.0,0.9990000000000001,0.998,0.0,0.0
thermostat,7,7,pso,0.03449942619194934,0.00028113287171039914,0.06430802234009994,0.6,15,112,1.504409756606997,0.009203318077803198,0.0015255530129672007,0.0,0.0015255530129672007,0.0,0.9990000000000001,0.998,0.0,0.0
thermostat,7,8,pso,0.049999999999999996,6.795273931077859e-05,0.09556042639489606,0.6,11,37,1.502049817326443,0.009203318077803198,0.0015255530129672007,0.0,0.0015255530129672007,0.0,0.9990000000000001,0.998,0.0,0.0
thermostat,8,1,pso,0.031499546242485445,0.0001882011076791499,0.09140122511267193,0.6,21,28,1.4376213422248747,0.009203318077803198,0.0015255530129672007,0.0,0.0015255530129672007,0.0,0.9990000000000001,0.998,0.0,0.0
thermostat,8,2,pso,0.049999999999999996,0.0002965017326663893,0.08612788372206505,0.5888279840535156,12,40,1.262644093579581,0.009203318077803198,0.0015255530129672007,0.0,0.0015255530129672007,0.0,0.9990000000000001,0.998,0.0,0.0
thermostat,8,3,pso,0.040083074197292914,0.00034170375486984193,0.024060247631559475,0.6,29,39,1.4342406626215083,0.009203318077803198,0.0015255530129672007,0.0,0.0015255530129672007,0.0,0.9990000000000001,0.998,0.0,0.0
thermostat,8,4,pso,0.04072340633421451,0.00022294611783831876,0.08557323783398267,0.5984749520803945,10,28,1.4564271976005991,0.009203318077803198,0.0015255530129672007,0.0,0.0015255530129672007,0.0,0.9990000000000001,0.998,0.0,0.0
thermostat,8,5,pso,0.049999999999999996,0.0001680599529994724,0.06261136942253177,0.6,9,31,1.5007675206884379,0.009203318077803198,0.0015255530129672007,0.0,0.0015255530129672007,0.0,0.9990000000000001,0.998,0.0,0.0
thermostat,8,6,pso,0.04074400931856847,0.0001920891479790328,0.06938610078632212,0.6,8,51,1.5024487609776296,0.009203318077803198,0.0015255530129672007,0.0,0.0015255530129672007,0.0,0.9990000000000001,0.998,0.0,0.0
thermostat,8,7,pso,0.04133888309974326,5.642570708551856e-05,0.08282630785617098,0.6,8,54,1.5386866023956398,0.009203318077803198,0.0015255530129672007,0.0,0.0015255530129672007,0.0,0.9990000000000001,0.998,0.0,0.0
thermostat,8,8,pso,0.049999999999999996,0.00013614685085909932,0.08494732238007928,0.6,9,30,1.4496979930456488,0.009203318077803198,0.0015255530129672007,0.0,0.0015255530129672007,0.0,0.9990000000000001,0.998,0.0,0.0
thermostat,9,1,pso,0.0360768090752774,0.0017079468176463511,0.09165771322001266,0.6,25,27,1.4248926471874697,0.009203318077803198,0.0015255530129672007,0.0,0.0015255530129672007,0.0,0.9990000000000001,0.998,0.0,0.0
thermostat,9,2,pso,0.04189398240184566,0.0002493334725939491,0.09890031294303041,0.5867959466990722,13,41,1.444911401462041,0.009203318077803198,0.0015255530129672007,0.0,0.0015255530129672007,0.0,0.9990000000000001,0.998,0.0,0.0
thermostat,9,3,pso,0.04392439754307662,6.063739420177452e-05,0.05815271645472007,0.6,35,41,1.493317716796643,0.009203318077803198,0.0015255530129672007,0.0,0.0015255530129672007,0.0,0.9990000000000001,0.998,0.0,0.0
thermostat,9,4,pso,0.03329055162168775,0.00022724123647206213,0.08553994768500561,0.5991733480421361,10,28,1.4533658691257927,0.009203318077803198,0.0015255530129672007,0.0,0.0015255530129672007,0.0,0.9990000000000001,0.998,0.0,0.0
thermostat,9,5,pso,0.049999999999999996,0.00010323444846461503,0.03036625140355745,0.6,12,29,1.4581514188290208,0.009203318077803198,0.0015255530129672007,0.0,0.0015255530129672007,0.0,0.9990000000000001,0.998,0.0,0.0
thermostat,9,6,pso,0.02791126605637519,0.0002653734921062885,0.06345317314203333,0.6,10,33,1.477913938476183,0.009203318077803198,0.0015255530129672007,0.0,0.0015255530129672007,0.0,0.9990000000000001,0.998,0.0,0.0
thermostat,9,7,pso,0.033870716893797045,5.468699309176374e-05,0.09625128250189921,0.6,20,36,1.4896551360339394,0.009203318077803198,0.0015255530129672007,0.0,0.0015255530129672007,0.0,0.9990000000000001,0.998,0.0,0.0
thermostat,9,8,pso,0.049999999999999996,5.41588863783645e-05,0.07725181763148974,0.6,13,26,1.4498313808309118,0.009203318077803198,0.0015255530129672007,0.0,0.0015255530129672007,0.0,0.9990000000000001,0.998,0.0,0.0
thermostat,10,1,pso,0.030508686822485385,0.0015827077505190638,0.09334148459129546,0.6,25,16,1.4468655980772032,0.009203318077803198,0.0015255530129672007,0.0,0.0015255530129672007,0.0,0.9990000000000001,0.998,0.0,0.0
thermostat,10,2,pso,0.03695506696586386,0.00032316197668568554,0.0883780034274113,0.5966787519894436,12,41,1.5336775186879026,0.009203318077803198,0.0015255530129672007,0.0,0.0015255530129672007,0.0,0.9990000000000001,0.998,0.0,0.0
thermostat,10,3,pso,0.0415310758417093,4.6815598626801e-05,0.056164032101789274,0.6,53,67,1.3871340369509855,0.009203318077803198,0.0015255530129672007,0.0,0.0015255530129672007,0.0,0.9990000000000001,0.998,0.0,0.0
thermostat,10,4,pso,0.04029925536982953,0.00024172090160119028,0.08448141373202821,0.5994220533884319,10,31,1.4529579081417086,0.009203318077803198,0.0015255530129672007,0.0,0.0015255530129672007,0.0,0.9990000000000001,0.998,0.0,0.0
thermostat,10,5,pso,0.026445949568944145,0.00014166493764790317,0.009811669323078902,0.6,11,34,1.4634796411373885,0.009203318077803198,0.0015255530129672007,0.0,0.0015255530129672007,0.0,0.9990000000000001,0.998,0.0,0.0
thermostat,10,6,pso,0.02231576103323927,0.0001973472364877608,0.060994958471691486,0.6,11,34,1.4206677907238947,0.009203318077803198,0.0015255530129672007,0.0,0.0015255530129672007,0.0,0.9990000000000001,0.998,0.0,0.0
thermostat,10,7,pso,0.03244423717995822,8.607417705022365e-05,0.09122312685095714,0.6,23,59,1.4116612772623485,0.009203318077803198,0.0015255530129672007,0.0,0.0015255530129672007,0.0,0.9990000000000001,0.998,0.0,0.0
thermostat,10,8,pso,0.04560762711132707,2.0291025626490414e-05,0.06659331314370047,0.6,12,29,1.5503598397820226,0.009203318077803198,0.0015255530129672007,0.0,0.0015255530129672007,0.0,0.9990000000000001,0.998,0.0,0.0
baby_monitor,0,0,conservative,0.002,1e-05,0.03,0.35,32,64,1.3,2.9999999999996697e-05,0.0,0.0,0.0,0.0,0.9994000000000001,0.998,0.0,0.0
baby_monitor,1,1,pso,0.0008792270149897117,3.925779721254291e-05,0.016861254849795337,0.5861327766649899,17,112,1.0978271626426392,5.9999999999998944e-05,0.0,0.0,0.0,0.0,0.9988,0.998,0.0,0.0
baby_monitor,1,2,pso,0.002370794452061328,0.0003626273293602235,0.03170293387736233,0.5797212738308246,31,121,1.5560492156521362,5.9999999999998944e-05,0.0,0.0,0.0,0.0,0.9988,0.998,0.0,0.0
baby_monitor,1,3,pso,0.013493154346260734,1.108620488952592e-05,0.05450174560029667,0.5553398348039011,37,38,1.108475938388426,2.9999999999996697e-05,0.0,0.0,0.0,0.0,0.9994000000000001,0.998,0.0,0.0
baby_monitor,1,4,pso,0.024533543645092193,1.587611998900551e-05,0.02568035082150549,0.2415407474842009,25,125,1.1659750681325864,2.9999999999996697e-05,0.0,0.0,0.0,0.0,0.9994000000000001,0.998,0.0,0.0
baby_monitor,1,5,pso,0.01164099893170794,0.0005831446431698233,0.011856836428641854,0.21595179793775066,51,67,1.1727277603700847,2.9999999999996697e-05,0.0,0.0,0.0,0.0,0.9994000000000001,0.998,0.0,0.0
baby_monitor,1,6,pso,0.0013249992865605248,0.0018337611715990951,0.034660488992343454,0.3853787516078614,14,118,1.1996721016812353,4.3333333333328564e-05,0.0,0.0,0.0,0.0,0.9991333333333334,0.998,0.0,0.0
baby_monitor,1,7,pso,0.019074454138460685,0.0012111753524943385,0.009263636023585086,0.5900766547667118,58,79,1.4345884991071052,4.666666666665598e-05,0.0,0.0,0.0,0.0,0.9990666666666669,0.998,0.0,0.0
baby_monitor,1,8,pso,0.0017937347701550803,0.0004626634794272663,0.018192312085537236,0.2964708184905557,47,59,1.422708935644581,2.9999999999996697e-05,0.0,0.0,0.0,0.0,0.9994000000000001,0.998,0.0,0.0
baby_monitor,2,1,pso,0.0011835468097694227,1.2078008572567078e-05,0.024590746152923768,0.5388139071565834,21,21,1.1046780990371525,5.9999999999998944e-05,0.0,0.0,0.0,0.0,0.9988,0.998,0.0,0.0
baby_monitor,2,2,pso,0.03423509610213115,2.9972867150065272e-05,0.033917287382758676,0.568836418160263,36,117,1.4431513017662219,2.9999999999996697e-05,0.0,0.0,0.0,0.0,0.9994000000000001,0.998,0.0,0.0
baby_monitor,2,3,pso,0.010548679834807199,1e-05,0.049572058725382916,0.562296954285661,35,31,1.0698903151837458,2.9999999999996697e-05,0.0,0.0,0.0,0.0,0.9994000000000001,0.998,0.0,0.0
baby_monitor,2,4,pso,0.013345408845351745,1.4137775036249248e-05,0.036131139085965824,0.3447293440760927,33,63,1.164636303077168,2.9999999999996697e-05,0.0,0.0,0.0,0.0,0.9994000000000001,0.998,0.0,0.0
baby_monitor,2,5,pso,0.01935996723228968,1e-05,0.06367330742841623,0.42737189349099736,41,51,1.172444716945053,2.9999999999996697e-05,0.0,0.0,0.0,0.0,0.9994000000000001,0.998,0.0,0.0
baby_monitor,2,6,pso,0.026268196821376755,1e-05,0.057645968417725464,0.47836138177614185,28,108,1.0845171998173324,2.9999999999996697e-05,0.0,0.0,0.0,0.0,0.9994000000000001,0.998,0.0,0.0
baby_monitor,2,7,pso,0.02255215083933169,1.890939958650124e-05,0.0582942299637109,0.5748985973202322,41,46,1.3629258730204337,3.99999999999956e-05,0.0,0.0,0.0,0.0,0.9992000000000001,0.998,0.0,0.0
baby_monitor,2,8,pso,0.018333584847229644,0.00012596570931415772,0.0331496104027823,0.3747130071137443,42,34,1.0730125860461464,2.9999999999996697e-05,0.0,0.0,0.0,0.0,0.9994000000000001,0.998,0.0,0.0
baby_monitor,3,1,pso,0.02472871557757046,1.0328554214347268e-05,0.07150019134939486,0.5600177903998177,40,73,1.1087354504385478,2.9999999999996697e-05,0.0,0.0,0.0,0.0,0.9994000000000001,0.998,0.0,0.0
baby_monitor,3,2,pso,0.049999999999999996,1e-05,0.05649884890828817,0.5577646168383178,40,72,1.2030632211261774,2.9999999999996697e-05,0.0,0.0,0.0,0.0,0.9994000000000001,0.998,0.0,0.0
baby_monitor,3,3,pso,0.013145446144618544,1.0246860663446798e-05,0.059868790969056,0.5592598610870806,35,34,1.1074980113848925,2.9999999999996697e-05,0.0,0.0,0.0,0.0,0.9994000000000001,0.998,0.0,0.0
baby_monitor,3,4,pso,0.01319623178912393,1.2923556700496687e-05,0.04440937656414106,0.4358613529572769,37,56,1.1235436717983314,2.9999999999996697e-05,0.0,0.0,0.0,0.0,0.9994000000000001,0.998,0.0,0.0
baby_monitor,3,5,pso,0.024123565200189444,1e-05,0.1,0.6,45,27,1.1161064052031193,3.99999999999956e-05,0.0,0.0,0.0,0.0,0.9992000000000001,0.998,0.0,0.0
baby_monitor,3,6,pso,0.049999999999999996,1e-05,0.07806412093675999,0.5914534669097525,44,16,1.0202236658983324,3.99999999999956e-05,0.0,0.0,0.0,0.0,0.9992000000000001,0.998,0.0,0.0
baby_monitor,3,7,pso,0.020938498943792735,1e-05,0.1,0.5485267236256948,24,22,1.2396306402543045,2.9999999999996697e-05,0.0,0.0,0.0,0.0,0.9994000000000001,0.998,0.0,0.0
baby_monitor,3,8,pso,0.003511381613151966,5.452609000432547e-05,0.04201141546039831,0.5496891049074799,37,42,1.0,2.9999999999996697e-05,0.0,0.0,0.0,0.0,0.9994000000000001,0.998,0.0,0.0
baby_monitor,4,1,pso,0.049999999999999996,1e-05,0.1,0.5721563756431882,50,88,1.1114005886145384,3.333333333332411e-05,0.0,0.0,0.0,0.0,0.9993333333333335,0.998,0.0,0.0
baby_monitor,4,2,pso,0.030029307172914205,1e-05,0.05624610991322997,0.5523427674303919,41,73,1.0409803435920835,2.9999999999996697e-05,0.0,0.0,0.0,0.0,0.9994000000000001,0.998,0.0,0.0
baby_monitor,4,3,pso,0.015896401478689186,1.1962459141586935e-05,0.06394454506078755,0.5457924117930887,39,40,1.1344321937349322,2.9999999999996697e-05,0.0,0.0,0.0,0.0,0.9994000000000001,0.998,0.0,0.0
baby_monitor,4,4,pso,0.0332072701274699,1.2095342006210157e-05,0.032880275492985014,0.3068508772650831,32,102,1.107393962027758,2.9999999999996697e-05,0.0,0.0,0.0,0.0,0.9994000000000001,0.998,0.0,0.0
baby_monitor,4,5,pso,0.013985451784847001,0.00015993392899595055,0.006963412780955578,0.5521131298921912,49,39,1.0760708462036996,3.333333333332411e-05,0.0,0.0,0.0,0.0,0.9993333333333335,0.998,0.0,0.0
baby_monitor,4,6,pso,0.023990727201545367,1e-05,0.05177743569456815,0.5179531101683023,43,61,1.0941816370090687,2.9999999999996697e-05,0.0,0.0,0.0,0.0,0.9994000000000001,0.998,0.0,0.0
baby_monitor,4,7,pso,0.012101651635055414,1e-05,0.1,0.5360733444458828,23,24,1.126006664281274,2.9999999999996697e-05,0.0,0.0,0.0,0.0,0.9994000000000001,0.998,0.0,0.0
baby_monitor,4,8,pso,0.0007715920778927873,0.000545871129166079,0.0573361975763718,0.2963928519124953,47,50,1.2435445266511305,5.666666666666043e-05,0.0,0.0,0.0,0.0,0.9988666666666668,0.998,0.0,0.0
baby_monitor,5,1,pso,0.030827875746649705,1e-05,0.07534594348622699,0.5657525163429376,45,49,1.1060384896399456,2.9999999999996697e-05,0.0,0.0,0.0,0.0,0.9994000000000001,0.998,0.0,0.0
baby_monitor,5,2,pso,0.01475976789204031,1.2900048308049738e-05,0.03251283099407882,0.5764946780388102,35,68,1.51046600175515,3.99999999999956e-05,0.0,0.0,0.0,0.0,0.9992000000000001,0.998,0.0,0.0
baby_monitor,5,3,pso,0.013491227070221603,1.1541925752246612e-05,0.04995732575115176,0.5445482052006752,38,39,1.1306535574817993,2.9999999999996697e-05,0.0,0.0,0.0,0.0,0.9994000000000001,0.998,0.0,0.0
baby_monitor,5,4,pso,0.02851565682945918,1.1341126768177892e-05,0.027591859115292557,0.3849395228267424,31,128,1.1684033869195871,2.9999999999996697e-05,0.0,0.0,0.0,0.0,0.9994000000000001,0.998,0.0,0.0
baby_monitor,5,5,pso,0.00879871190060937,0.0018142065236499074,0.004999999999999999,0.15,40,77,1.0899098653690305,2.9999999999996697e-05,0.0,0.0,0.0,0.0,0.9994000000000001,0.998,0.0,0.0
baby_monitor,5,6,pso,0.015318254715293371,1e-05,0.04427840947913293,0.47845420555209417,18,79,1.1606536346399658,2.9999999999996697e-05,0.0,0.0,0.0,0.0,0.9994000000000001,0.998,0.0,0.0
baby_monitor,5,7,pso,0.017766662292546448,1e-05,0.05353652744969994,0.5471153302933388,35,39,1.0827412332586246,2.9999999999996697e-05,0.0,0.0,0.0,0.0,0.9994000000000001,0.998,0.0,0.0
baby_monitor,5,8,pso,0.006403417229886966,0.0009023986906096445,0.06251408757374399,0.3033674887663204,45,55,1.6,2.9999999999996697e-05,0.0,0.0,0.0,0.0,0.9994000000000001,0.998,0.0,0.0
baby_monitor,6,1,pso,0.00797837787203185,1.0484796680999476e-05,0.04704248219426635,0.559703400420242,36,22,1.1059501381538104,2.9999999999996697e-05,0.0,0.0,0.0,0.0,0.9994000000000001,0.998,0.0,0.0
baby_monitor,6,2,pso,0.011396431268643195,2.4992394881665165e-05,0.030530604474199016,0.5820602686295773,34,98,1.2946515801026532,3.99999999999956e-05,0.0,0.0,0.0,0.0,0.9992000000000001,0.998,0.0,0.0
baby_monitor,6,3,pso,0.012029832907050973,1.0879102247277717e-05,0.04968442741792751,0.556482509314608,36,38,1.110938746862872,2.9999999999996697e-05,0.0,0.0,0.0,0.0,0.9994000000000001,0.998,0.0,0.0
baby_monitor,6,4,pso,0.013296902224884615,1.6784946091662722e-05,0.04444076956620258,0.3613408194360804,33,46,1.183580917352268,2.9999999999996697e-05,0.0,0.0,0.0,0.0,0.9994000000000001,0.998,0.0,0.0
baby_monitor,6,5,pso,0.010598116550587802,0.0007400726688785267,0.0646454599396913,0.15,40,60,1.183209879449705,2.9999999999996697e-05,0.0,0.0,0.0,0.0,0.9994000000000001,0.998,0.0,0.0
baby_monitor,6,6,pso,0.018925262849139035,1e-05,0.05115670832614433,0.49382490940688584,32,62,1.0418637716584984,2.9999999999996697e-05,0.0,0.0,0.0,0.0,0.9994000000000001,0.998,0.0,0.0
baby_monitor,6,7,pso,0.024734405013936887,1e-05,0.04023175259752924,0.5656402388877556,40,28,1.2831752387829045,2.9999999999996697e-05,0.0,0.0,0.0,0.0,0.9994000000000001,0.998,0.0,0.0
baby_monitor,6,8,pso,0.008210870443101089,1e-05,0.04634667024756061,0.6,41,39,1.01936056029765,3.99999999999956e-05,0.0,0.0,0.0,0.0,0.9992000000000001,0.998,0.0,0.0
baby_monitor,7,1,pso,0.01826342287260996,1.1097075397860089e-05,0.06213833110387408,0.5495647056069383,34,20,1.109175708619815,2.9999999999996697e-05,0.0,0.0,0.0,0.0,0.9994000000000001,0.998,0.0,0.0
baby_monitor,7,2,pso,0.04166628666611809,2.2606509697092407e-05,0.03072666709967914,0.5825176560525888,36,33,1.2733856949213318,3.99999999999956e-05,0.0,0.0,0.0,0.0,0.9992000000000001,0.998,0.0,0.0
baby_monitor,7,3,pso,0.01280815725144502,1.0714774803291046e-05,0.059911436736946315,0.5630421916130472,36,37,1.0963461292074883,2.9999999999996697e-05,0.0,0.0,0.0,0.0,0.9994000000000001,0.998,0.0,0.0
baby_monitor,7,4,pso,0.01425928940148977,1.7597894240750918e-05,0.044951183973978175,0.3787975460096745,29,16,1.1479089882600986,2.9999999999996697e-05,0.0,0.0,0.0,0.0,0.9994000000000001,0.998,0.0,0.0
baby_monitor,7,5,pso,0.01705535478948008,1e-05,0.1,0.15,46,32,1.1965938042087847,2.9999999999996697e-05,0.0,0.0,0.0,0.0,0.9994000000000001,0.998,0.0,0.0
baby_monitor,7,6,pso,0.017386625066709478,1e-05,0.06735707395931245,0.5756973153910253,44,25,1.0243185160647865,3.99999999999956e-05,0.0,0.0,0.0,0.0,0.9992000000000001,0.998,0.0,0.0
baby_monitor,7,7,pso,0.017927356235643014,1e-05,0.1,0.5745030957606811,23,24,1.2076505033984486,3.99999999999956e-05,0.0,0.0,0.0,0.0,0.9992000000000001,0.998,0.0,0.0
baby_monitor,7,8,pso,0.005213393079049997,1e-05,0.019820421411681808,0.38586850103615095,43,45,1.1016016224279395,2.9999999999996697e-05,0.0,0.0,0.0,0.0,0.9994000000000001,0.998,0.0,0.0
baby_monitor,8,1,pso,0.031165389444837502,1.1240191781987144e-05,0.07823340399583631,0.5580974022759164,37,58,1.1098968071372364,2.9999999999996697e-05,0.0,0.0,0.0,0.0,0.9994000000000001,0.998,0.0,0.0
baby_monitor,8,2,pso,0.049999999999999996,2.026736970404327e-05,0.05804779343643254,0.5552376683183664,38,42,1.3820044604426163,2.9999999999996697e-05,0.0,0.0,0.0,0.0,0.9994000000000001,0.998,0.0,0.0
baby_monitor,8,3,pso,0.01418319150312859,1.1301753384496846e-05,0.060461328214996446,0.5534893256607628,39,39,1.1061589484165442,2.9999999999996697e-05,0.0,0.0,0.0,0.0,0.9994000000000001,0.998,0.0,0.0
baby_monitor,8,4,pso,0.022801390813203194,1.011080313429209e-05,0.036667561398112496,0.30917805266042625,35,16,1.130479307747655,2.9999999999996697e-05,0.0,0.0,0.0,0.0,0.9994000000000001,0.998,0.0,0.0
baby_monitor,8,5,pso,0.01502855858707178,1e-05,0.1,0.2323141488412813,50,33,1.1333383398425447,2.9999999999996697e-05,0.0,0.0,0.0,0.0,0.9994000000000001,0.998,0.0,0.0
baby_monitor,8,6,pso,0.021045236813118373,1e-05,0.06250320070844761,0.6,26,84,1.0482054386036892,3.99999999999956e-05,0.0,0.0,0.0,0.0,0.9992000000000001,0.998,0.0,0.0
baby_monitor,8,7,pso,0.014819790085021475,1e-05,0.1,0.525499583418153,28,35,1.174858568438016,2.9999999999996697e-05,0.0,0.0,0.0,0.0,0.9994000000000001,0.998,0.0,0.0
baby_monitor,8,8,pso,0.00394688410313849,1e-05,0.014792773504178442,0.17081721202421515,40,55,1.4072409763012084,2.9999999999996697e-05,0.0,0.0,0.0,0.0,0.9994000000000001,0.998,0.0,0.0
baby_monitor,9,1,pso,0.02009735626582009,1.0610753464190552e-05,0.08558706556204118,0.5629351884932302,44,71,1.1085044730427553,2.9999999999996697e-05,0.0,0.0,0.0,0.0,0.9994000000000001,0.998,0.0,0.0
baby_monitor,9,2,pso,0.025452688698658486,1.746250293711184e-05,0.08427616839475088,0.5533422867190199,36,102,1.306184820157542,2.9999999999996697e-05,0.0,0.0,0.0,0.0,0.9994000000000001,0.998,0.0,0.0
baby_monitor,9,3,pso,0.014411116471162416,1.1314423599432502e-05,0.05174132586519047,0.5501705959992478,39,39,1.1160520397743068,2.9999999999996697e-05,0.0,0.0,0.0,0.0,0.9994000000000001,0.998,0.0,0.0
baby_monitor,9,4,pso,0.023059383741707105,1.3725322490386781e-05,0.03759506951664933,0.34877382663384393,25,66,1.1270509933418018,2.9999999999996697e-05,0.0,0.0,0.0,0.0,0.9994000000000001,0.998,0.0,0.0
baby_monitor,9,5,pso,0.012395126687975369,1e-05,0.0688797232497992,0.6,53,60,1.1007423511667276,3.99999999999956e-05,0.0,0.0,0.0,0.0,0.9992000000000001,0.998,0.0,0.0
baby_monitor,9,6,pso,0.017920044858139125,1e-05,0.05066708200953436,0.4808846380763169,17,128,1.1208120907070513,2.9999999999996697e-05,0.0,0.0,0.0,0.0,0.9994000000000001,0.998,0.0,0.0
baby_monitor,9,7,pso,0.016563770080001206,1e-05,0.05588980188450165,0.5333981094086637,32,42,1.0746691685258838,2.9999999999996697e-05,0.0,0.0,0.0,0.0,0.9994000000000001,0.998,0.0,0.0
baby_monitor,9,8,pso,0.003960892395431714,5.9853595619057206e-05,0.018296875567802,0.4618993227100693,39,59,1.5851600763083369,2.9999999999996697e-05,0.0,0.0,0.0,0.0,0.9994000000000001,0.998,0.0,0.0
baby_monitor,10,1,pso,0.01334188587983645,1.0109202837597102e-05,0.05349922494405415,0.5615615265153346,45,80,1.1076090676324184,2.9999999999996697e-05,0.0,0.0,0.0,0.0,0.9994000000000001,0.998,0.0,0.0
baby_monitor,10,2,pso,0.01261685538826723,2.6029030412378007e-05,0.09149734991121748,0.5688856065618761,36,128,1.258630859678338,2.9999999999996697e-05,0.0,0.0,0.0,0.0,0.9994000000000001,0.998,0.0,0.0
baby_monitor,10,3,pso,0.013042055188741325,1.1140936750901034e-05,0.05242052444919825,0.5521541641881803,36,38,1.1125277305984744,2.9999999999996697e-05,0.0,0.0,0.0,0.0,0.9994000000000001,0.998,0.0,0.0
baby_monitor,10,4,pso,0.021248737672210985,1.5828385663173697e-05,0.03779414825813699,0.3890698688863353,20,128,1.1769492147483773,2.9999999999996697e-05,0.0,0.0,0.0,0.0,0.9994000000000001,0.998,0.0,0.0
baby_monitor,10,5,pso,0.011890585224035423,0.0008972603200134339,0.04657267915200627,0.6,35,56,1.1122026529705042,4.666666666665598e-05,0.0,0.0,0.0,0.0,0.9990666666666669,0.998,0.0,0.0
baby_monitor,10,6,pso,0.021076984024535964,1e-05,0.049382979724711326,0.49533135408639584,33,57,1.1262050708150708,2.9999999999996697e-05,0.0,0.0,0.0,0.0,0.9994000000000001,0.998,0.0,0.0
baby_monitor,10,7,pso,0.014870988174517338,1e-05,0.058426656069763556,0.5530532728741433,33,34,1.2060532439991802,2.9999999999996697e-05,0.0,0.0,0.0,0.0,0.9994000000000001,0.998,0.0,0.0
baby_monitor,10,8,pso,0.002733597956275889,0.0008814297346814004,0.037095074694756966,0.6,36,49,1.3757245963292233,5.3333333333327465e-05,0.0,0.0,0.0,0.0,0.9989333333333335,0.998,0.0,0.0
security_camera,0,0,conservative,0.002,1e-05,0.03,0.35,32,64,1.3,0.0036304410170050275,8.819508753362438e-05,8.819508753362438e-05,0.0010245901639344263,0.0010245901639344263,0.99945,0.998,0.0,0.0
security_camera,1,1,pso,0.007002148520703059,0.00016446518484332037,0.049260846728726805,0.5152617451543231,37,103,1.4776679826760268,0.003627941017005028,8.819508753362438e-05,8.819508753362438e-05,0.0010245901639344263,0.0010245901639344263,0.9994999999999999,0.998,0.0,0.0
security_camera,1,2,pso,0.007735350785352553,8.71265147137386e-05,0.037352595767848364,0.43236052343411435,55,97,1.3174110448834278,0.003627941017005028,8.819508753362438e-05,8.819508753362438e-05,0.0010245901639344263,0.0010245901639344263,0.9994999999999999,0.998,0.0,0.0
security_camera,1,3,pso,0.042374232782631256,0.00011984432983827968,0.056786250817143315,0.5393745916186667,43,21,1.0329323901925886,0.003627941017005028,8.819508753362438e-05,8.819508753362438e-05,0.0010245901639344263,0.0010245901639344263,0.9994999999999999,0.998,0.0,0.0
security_camera,1,4,pso,0.0008684200106979969,0.0004130809314673494,0.0057057620951543216,0.46509305464644946,32,57,1.0923550808890277,0.0036304410170050275,8.819508753362438e-05,8.819508753362438e-05,0.0010245901639344263,0.0010245901639344263,0.99945,0.998,0.0,0.0
security_camera,1,5,pso,0.0008160422231482937,1.9432343690415293e-05,0.051395432679819435,0.22855919069413563,48,95,1.3137319699075185,0.0036304410170050275,8.819508753362438e-05,8.819508753362438e-05,0.0010245901639344263,0.0010245901639344263,0.99945,0.998,0.0,0.0
security_camera,1,6,pso,0.04166416845747009,7.22828122538995e-05,0.005560088094713644,0.37293543593447154,19,30,1.5954958945502302,0.003624607683671695,8.819508753362438e-05,8.819508753362438e-05,0.0010245901639344263,0.0010245901639344263,0.9995666666666666,0.998,0.0,0.0
security_camera,1,7,pso,0.002605208298405064,0.0003915293440803036,0.00938863478079089,0.1561066253713885,63,97,1.4242917548322316,0.0036296076836717,8.819508753362438e-05,8.819508753362438e-05,0.0010245901639344263,0.0010245901639344263,0.9994666666666665,0.998,0.0,0.0
security_camera,1,8,pso,0.02166663663931138,5.4241074541052805e-05,0.018476441170641907,0.3187223257650871,57,51,1.2043331255583065,0.0036229410170050286,8.819508753362438e-05,8.819508753362438e-05,0.0010245901639344263,0.0010245901639344263,0.9995999999999999,0.998,0.0,0.0
security_camera,2,1,pso,0.03070540519047772,4.324568099197081e-05,0.03642364595202383,0.19945073978226047,40,48,1.264519287604588,0.0036179410170050236,8.819508753362438e-05,8.819508753362438e-05,0.0010245901639344263,0.0010245901639344263,0.9997,0.998,0.0,0.0
security_camera,2,2,pso,0.02047131208947248,6.323976965801386e-05,0.02048550792791426,0.2817743475970276,56,89,1.1771151804637503,0.0036229410170050286,8.819508753362438e-05,8.819508753362438e-05,0.0010245901639344263,0.0010245901639344263,0.9995999999999999,0.998,0.0,0.0
security_camera,2,3,pso,0.02704583975980523,2.6712439909976547e-05,0.011248286663035761,0.42458417906900314,56,64,1.0136478829056061,0.003627941017005028,8.819508753362438e-05,8.819508753362438e-05,0.0010245901639344263,0.0010245901639344263,0.9994999999999999,0.998,0.0,0.0
security_camera,2,4,pso,0.01614030944050621,3.239408362180425e-05,0.0069897493210898205,0.365893619806249,53,44,1.2391335997791928,0.003625441017005028,8.819508753362438e-05,8.819508753362438e-05,0.0010245901639344263,0.0010245901639344263,0.9995499999999999,0.998,0.0,0.0
security_camera,2,5,pso,0.0015631230844524399,2.3337801125429182e-05,0.025396036782856873,0.3220488110994979,49,45,1.2736861121474135,0.0036304410170050275,8.819508753362438e-05,8.819508753362438e-05,0.0010245901639344263,0.0010245901639344263,0.99945,0.998,0.0,0.0
security_camera,2,6,pso,0.015713842908243264,5.343122504113821e-05,0.028791368015777884,0.3313162102274288,55,42,1.5177199419709457,0.003625441017005028,8.819508753362438e-05,8.819508753362438e-05,0.0010245901639344263,0.0010245901639344263,0.9995499999999999,0.998,0.0,0.0
security_camera,2,7,pso,0.00491202865753721,8.50261087481321e-05,0.02054331686075075,0.30730537311522377,59,37,1.0667904137098538,0.003627941017005028,8.819508753362438e-05,8.819508753362438e-05,0.0010245901639344263,0.0010245901639344263,0.9994999999999999,0.998,0.0,0.0
security_camera,2,8,pso,0.0169706345608018,5.2264210388770966e-05,0.018288544116131587,0.3489299230410725,54,46,1.221008921403041,0.003625441017005028,8.819508753362438e-05,8.819508753362438e-05,0.0010245901639344263,0.0010245901639344263,0.9995499999999999,0.998,0.0,0.0
security_camera,3,1,pso,0.049999999999999996,1.697660619076412e-05,0.02948495682658295,0.15,42,16,1.115315201054581,0.0036179410170050236,8.819508753362438e-05,8.819508753362438e-05,0.0010245901639344263,0.0010245901639344263,0.9997,0.998,0.0,0.0
security_camera,3,2,pso,0.049999999999999996,2.88140546589785e-05,0.015255206553717883,0.1760745357629412,36,24,1.157528727051301,0.0036179410170050236,8.819508753362438e-05,8.819508753362438e-05,0.0010245901639344263,0.0010245901639344263,0.9997,0.998,0.0,0.0
security_camera,3,3,pso,0.03345302129457772,2.9006819724893107e-05,0.1,0.15,45,55,1.3591588365367726,0.0036179410170050236,8.819508753362438e-05,8.819508753362438e-05,0.0010245901639344263,0.0010245901639344263,0.9997,0.998,0.0,0.0
security_camera,3,4,pso,0.049999999999999996,1e-05,0.03852330131377241,0.21534389371635215,56,38,1.3571851609947303,0.0036179410170050236,8.819508753362438e-05,8.819508753362438e-05,0.0010245901639344263,0.0010245901639344263,0.9997,0.998,0.0,0.0
security_camera,3,5,pso,0.03542702965544807,2.919992639214617e-05,0.021198299168657217,0.2662212712352051,45,77,1.2706572989445624,0.0036179410170050236,8.819508753362438e-05,8.819508753362438e-05,0.0010245901639344263,0.0010245901639344263,0.9997,0.998,0.0,0.0
security_camera,3,6,pso,0.0366728377745219,4.134012369117499e-05,0.0426011044872423,0.26630008387061843,38,41,1.2852687218726377,0.0036179410170050236,8.819508753362438e-05,8.819508753362438e-05,0.0010245901639344263,0.0010245901639344263,0.9997,0.998,0.0,0.0
security_camera,3,7,pso,0.009511871126625743,1.801914262231978e-05,0.03717832902578806,0.2843921274177833,40,16,1.0,0.003627941017005028,8.819508753362438e-05,8.819508753362438e-05,0.0010245901639344263,0.0010245901639344263,0.9994999999999999,0.998,0.0,0.0
security_camera,3,8,pso,0.01841447992816395,4.832559215457113e-05,0.04092581229070927,0.29377157015659106,54,46,1.2400875120310055,0.0036229410170050286,8.819508753362438e-05,8.819508753362438e-05,0.0010245901639344263,0.0010245901639344263,0.9995999999999999,0.998,0.0,0.0
security_camera,4,1,pso,0.04185214273370404,8.872724159777966e-05,0.027830787989909612,0.15,40,65,1.234957542747256,0.0036179410170050236,8.819508753362438e-05,8.819508753362438e-05,0.0010245901639344263,0.0010245901639344263,0.9997,0.998,0.0,0.0
security_camera,4,2,pso,0.049999999999999996,2.786230720405522e-05,0.020947496682414517,0.15,25,16,1.2821632182253915,0.0036179410170050236,8.819508753362438e-05,8.819508753362438e-05,0.0010245901639344263,0.0010245901639344263,0.9997,0.998,0.0,0.0
security_camera,4,3,pso,0.037187097737413195,4.605688705662326e-05,0.1,0.15,37,48,1.5953595616886926,0.0036179410170050236,8.819508753362438e-05,8.819508753362438e-05,0.0010245901639344263,0.0010245901639344263,0.9997,0.998,0.0,0.0
security_camera,4,4,pso,0.049999999999999996,1.9900146285422966e-05,0.1,0.15,37,42,1.4228948935097216,0.0036179410170050236,8.819508753362438e-05,8.819508753362438e-05,0.0010245901639344263,0.0010245901639344263,0.9997,0.998,0.0,0.0
security_camera,4,5,pso,0.049999999999999996,5.36691671810254e-05,0.020504101558965256,0.1551361064560854,41,61,1.266781188572915,0.0036179410170050236,8.819508753362438e-05,8.819508753362438e-05,0.0010245901639344263,0.0010245901639344263,0.9997,0.998,0.0,0.0
security_camera,4,6,pso,0.049999999999999996,3.4797228634106614e-05,0.04804755690907216,0.21697605152491534,28,48,1.0968083853802766,0.0036179410170050236,8.819508753362438e-05,8.819508753362438e-05,0.0010245901639344263,0.0010245901639344263,0.9997,0.998,0.0,0.0
security_camera,4,7,pso,0.049999999999999996,3.553252111073925e-05,0.03692340552033135,0.18522291407793753,46,34,1.0007483082460438,0.0036179410170050236,8.819508753362438e-05,8.819508753362438e-05,0.0010245901639344263,0.0010245901639344263,0.9997,0.998,0.0,0.0
security_camera,4,8,pso,0.03262067673957892,4.6120307883138315e-05,0.026374814676315292,0.23371340221302694,52,51,1.2559560340685878,0.0036179410170050236,8.819508753362438e-05,8.819508753362438e-05,0.0010245901639344263,0.0010245901639344263,0.9997,0.998,0.0,0.0
security_camera,5,1,pso,0.026681093903771852,5.7598635553692675e-05,0.04268542592300383,0.15,38,80,1.3616467439625821,0.0036179410170050236,8.819508753362438e-05,8.819508753362438e-05,0.0010245901639344263,0.0010245901639344263,0.9997,0.998,0.0,0.0
security_camera,5,2,pso,0.049999999999999996,2.859733342131137e-05,0.03013662671647739,0.187985398257069,32,47,1.3173561453998732,0.0036179410170050236,8.819508753362438e-05,8.819508753362438e-05,0.0010245901639344263,0.0010245901639344263,0.9997,0.998,0.0,0.0
security_camera,5,3,pso,0.02840847376595024,3.783511969817044e-05,0.03197106866308451,0.15,42,50,1.2132560507024697,0.0036179410170050236,8.819508753362438e-05,8.819508753362438e-05,0.0010245901639344263,0.0010245901639344263,0.9997,0.998,0.0,0.0
security_camera,5,4,pso,0.049999999999999996,3.523726451414292e-05,0.08765039236646102,0.183564558580496,46,52,1.3176849841365916,0.0036179410170050236,8.819508753362438e-05,8.819508753362438e-05,0.0010245901639344263,0.0010245901639344263,0.9997,0.998,0.0,0.0
security_camera,5,5,pso,0.049999999999999996,3.1298583243571655e-05,0.026780229288564848,0.20103364477770047,40,59,1.2674053356825552,0.0036179410170050236,8.819508753362438e-05,8.819508753362438e-05,0.0010245901639344263,0.0010245901639344263,0.9997,0.998,0.0,0.0
security_camera,5,6,pso,0.027397921822015607,3.646927574388387e-05,0.03464002884892794,0.2097083415749036,42,45,1.2248674971196247,0.0036179410170050236,8.819508753362438e-05,8.819508753362438e-05,0.0010245901639344263,0.0010245901639344263,0.9997,0.998,0.0,0.0
security_camera,5,7,pso,0.049999999999999996,5.728815503578391e-05,0.036162080383807034,0.15,49,47,1.0418764932686526,0.0036179410170050236,8.819508753362438e-05,8.819508753362438e-05,0.0010245901639344263,0.0010245901639344263,0.9997,0.998,0.0,0.0
security_camera,5,8,pso,0.04668032325106594,4.363057698471215e-05,0.03025252781618425,0.15432518728569306,50,51,1.2702101412438842,0.0036179410170050236,8.819508753362438e-05,8.819508753362438e-05,0.0010245901639344263,0.0010245901639344263,0.9997,0.998,0.0,0.0
security_camera,6,1,pso,0.024619158210068503,2.574627798608913e-05,0.04783465214004827,0.23337954055141216,38,80,1.31231584126296,0.0036179410170050236,8.819508753362438e-05,8.819508753362438e-05,0.0010245901639344263,0.0010245901639344263,0.9997,0.998,0.0,0.0
security_camera,6,2,pso,0.026905105759678062,5.3288092618271764e-05,0.03009468573074771,0.22098462153238688,40,68,1.2560450039197968,0.0036179410170050236,8.819508753362438e-05,8.819508753362438e-05,0.0010245901639344263,0.0010245901639344263,0.9997,0.998,0.0,0.0
security_camera,6,3,pso,0.030789369453755582,3.06054835210524e-05,0.02940912861278326,0.15,45,53,1.036262639442488,0.0036179410170050236,8.819508753362438e-05,8.819508753362438e-05,0.0010245901639344263,0.0010245901639344263,0.9997,0.998,0.0,0.0
security_camera,6,4,pso,0.049999999999999996,6.669045281509393e-05,0.030611385167969418,0.2287881609227001,48,48,1.1987878066041964,0.0036179410170050236,8.819508753362438e-05,8.819508753362438e-05,0.0010245901639344263,0.0010245901639344263,0.9997,0.998,0.0,0.0
security_camera,6,5,pso,0.03106558922517818,2.328258947538099e-05,0.028112588378567893,0.25284517752548946,44,68,1.268196303200091,0.0036179410170050236,8.819508753362438e-05,8.819508753362438e-05,0.0010245901639344263,0.0010245901639344263,0.9997,0.998,0.0,0.0
security_camera,6,6,pso,0.024834796321667317,4.7966033334127337e-05,0.0329386232094446,0.2582974616430704,48,39,1.406191750702787,0.0036179410170050236,8.819508753362438e-05,8.819508753362438e-05,0.0010245901639344263,0.0010245901639344263,0.9997,0.998,0.0,0.0
security_camera,6,7,pso,0.049999999999999996,3.451183946630476e-05,0.036123824532893783,0.2129351983192106,39,38,1.203428061840091,0.0036179410170050236,8.819508753362438e-05,8.819508753362438e-05,0.0010245901639344263,0.0010245901639344263,0.9997,0.998,0.0,0.0
security_camera,6,8,pso,0.027543215435667134,4.29377539856198e-05,0.0322481165328141,0.1796067840606214,45,49,1.2565091078539745,0.0036179410170050236,8.819508753362438e-05,8.819508753362438e-05,0.0010245901639344263,0.0010245901639344263,0.9997,0.998,0.0,0.0
security_camera,7,1,pso,0.03127851060750483,2.7340955348250354e-05,0.03960960600094468,0.23782003903491622,43,38,1.2294261613088577,0.0036179410170050236,8.819508753362438e-05,8.819508753362438e-05,0.0010245901639344263,0.0010245901639344263,0.9997,0.998,0.0,0.0
security_camera,7,2,pso,0.022377612974498393,2.9284440447007204e-05,0.017991567252932928,0.2046798579754297,44,50,1.2223150967865157,0.0036179410170050236,8.819508753362438e-05,8.819508753362438e-05,0.0010245901639344263,0.0010245901639344263,0.9997,0.998,0.0,0.0
security_camera,7,3,pso,0.03681110507125465,2.773470009725598e-05,0.1,0.16776128197889564,43,52,1.1221890435185795,0.0036179410170050236,8.819508753362438e-05,8.819508753362438e-05,0.0010245901639344263,0.0010245901639344263,0.9997,0.998,0.0,0.0
security_camera,7,4,pso,0.04275776784910284,1e-05,0.0224086209138639,0.23831194316008,50,34,1.134008032627656,0.0036179410170050236,8.819508753362438e-05,8.819508753362438e-05,0.0010245901639344263,0.0010245901639344263,0.9997,0.998,0.0,0.0
security_camera,7,5,pso,0.023351423210379422,2.1971838193842622e-05,0.022896908798653717,0.23681387606576798,44,49,1.266802267026371,0.0036179410170050236,8.819508753362438e-05,8.819508753362438e-05,0.0010245901639344263,0.0010245901639344263,0.9997,0.998,0.0,0.0
security_camera,7,6,pso,0.03296931153730555,5.232407244734355e-05,0.04694366470608513,0.24698504988189635,36,37,1.3785077827005088,0.0036179410170050236,8.819508753362438e-05,8.819508753362438e-05,0.0010245901639344263,0.0010245901639344263,0.9997,0.998,0.0,0.0
security_camera,7,7,pso,0.04158843045196149,2.9812013981952025e-05,0.03674080446958707,0.20778154908241014,41,41,1.1666511131597581,0.0036179410170050236,8.819508753362438e-05,8.819508753362438e-05,0.0010245901639344263,0.0010245901639344263,0.9997,0.998,0.0,0.0
security_camera,7,8,pso,0.020196182784509693,4.303171687177918e-05,0.028466661188508952,0.23694553115288547,42,48,1.2528831505477962,0.003620441017005023,8.819508753362438e-05,8.819508753362438e-05,0.0010245901639344263,0.0010245901639344263,0.99965,0.998,0.0,0.0
security_camera,8,1,pso,0.03584189767939307,6.128927797343832e-05,0.029216275079352916,0.2077932050262311,42,24,1.2057481415993458,0.0036179410170050236,8.819508753362438e-05,8.819508753362438e-05,0.0010245901639344263,0.0010245901639344263,0.9997,0.998,0.0,0.0
security_camera,8,2,pso,0.030530937501857758,3.164087984019886e-05,0.015391605219784539,0.15900944962554883,46,16,1.190013158842263,0.0036179410170050236,8.819508753362438e-05,8.819508753362438e-05,0.0010245901639344263,0.0010245901639344263,0.9997,0.998,0.0,0.0
security_camera,8,3,pso,0.0366028989665121,5.159788569369401e-05,0.1,0.20114812964588608,41,52,1.6,0.0036179410170050236,8.819508753362438e-05,8.819508753362438e-05,0.0010245901639344263,0.0010245901639344263,0.9997,0.998,0.0,0.0
security_camera,8,4,pso,0.03753175409568312,1e-05,0.028316996108081544,0.20733110327772025,42,38,1.2081491040433447,0.0036179410170050236,8.819508753362438e-05,8.819508753362438e-05,0.0010245901639344263,0.0010245901639344263,0.9997,0.998,0.0,0.0
security_camera,8,5,pso,0.026392887208071834,2.5248903207158444e-05,0.020208357381742748,0.23317665208310948,43,71,1.2707107443525294,0.0036179410170050236,8.819508753362438e-05,8.819508753362438e-05,0.0010245901639344263,0.0010245901639344263,0.9997,0.998,0.0,0.0
security_camera,8,6,pso,0.04045884005741396,4.059317257692179e-05,0.04530266847883293,0.24173538221658902,29,44,1.2915479700608428,0.0036179410170050236,8.819508753362438e-05,8.819508753362438e-05,0.0010245901639344263,0.0010245901639344263,0.9997,0.998,0.0,0.0
security_camera,8,7,pso,0.033483904980509877,4.4008652100303886e-05,0.03743364003607147,0.18543428403180723,48,42,1.0061757912575615,0.0036179410170050236,8.819508753362438e-05,8.819508753362438e-05,0.0010245901639344263,0.0010245901639344263,0.9997,0.998,0.0,0.0
security_camera,8,8,pso,0.03081590851110116,4.534124112055098e-05,0.0277180214389157,0.2452315065529596,51,50,1.2596684703356509,0.0036179410170050236,8.819508753362438e-05,8.819508753362438e-05,0.0010245901639344263,0.0010245901639344263,0.9997,0.998,0.0,0.0
security_camera,9,1,pso,0.026925973621709752,9.66925726004087e-05,0.03419593362387344,0.17883022004758087,37,64,1.2782338751049864,0.0036179410170050236,8.819508753362438e-05,8.819508753362438e-05,0.0010245901639344263,0.0010245901639344263,0.9997,0.998,0.0,0.0
security_camera,9,2,pso,0.049999999999999996,3.750473487251664e-05,0.015363302145961355,0.19013310322410948,32,26,1.1672613360363988,0.0036179410170050236,8.819508753362438e-05,8.819508753362438e-05,0.0010245901639344263,0.0010245901639344263,0.9997,0.998,0.0,0.0
security_camera,9,3,pso,0.024798111174884854,3.231679210213555e-05,0.1,0.19627294656633626,41,48,1.6,0.0036179410170050236,8.819508753362438e-05,8.819508753362438e-05,0.0010245901639344263,0.0010245901639344263,0.9997,0.998,0.0,0.0
security_camera,9,4,pso,0.04915498719583178,1e-05,0.03858799537157321,0.1915975289562494,42,41,1.5150568416845092,0.0036179410170050236,8.819508753362438e-05,8.819508753362438e-05,0.0010245901639344263,0.0010245901639344263,0.9997,0.998,0.0,0.0
security_camera,9,5,pso,0.046778216801213315,5.80277303624156e-05,0.037762874276031144,0.2367636097048213,43,67,1.2711236011205505,0.0036179410170050236,8.819508753362438e-05,8.819508753362438e-05,0.0010245901639344263,0.0010245901639344263,0.9997,0.998,0.0,0.0
security_camera,9,6,pso,0.03515777836369109,3.601881975703395e-05,0.03456452377455603,0.19595089744245373,42,49,1.1890365311474296,0.0036179410170050236,8.819508753362438e-05,8.819508753362438e-05,0.0010245901639344263,0.0010245901639344263,0.9997,0.998,0.0,0.0
security_camera,9,7,pso,0.039478108096914655,4.309312492668983e-05,0.03597605398579454,0.1795794828233467,46,36,1.2050610776191466,0.0036179410170050236,8.819508753362438e-05,8.819508753362438e-05,0.0010245901639344263,0.0010245901639344263,0.9997,0.998,0.0,0.0
security_camera,9,8,pso,0.04172485116398589,4.645380386541381e-05,0.03324842839452035,0.23355909284783694,55,50,1.263048246501901,0.0036179410170050236,8.819508753362438e-05,8.819508753362438e-05,0.0010245901639344263,0.0010245901639344263,0.9997,0.998,0.0,0.0
security_camera,10,1,pso,0.02756940326934861,8.195427797919693e-05,0.04398283570599655,0.1790222321306001,39,62,1.3173569605125863,0.0036179410170050236,8.819508753362438e-05,8.819508753362438e-05,0.0010245901639344263,0.0010245901639344263,0.9997,0.998,0.0,0.0
security_camera,10,2,pso,0.049999999999999996,4.540419599077755e-05,0.044729800224615625,0.20909350853104247,31,61,1.2311865776193263,0.0036179410170050236,8.819508753362438e-05,8.819508753362438e-05,0.0010245901639344263,0.0010245901639344263,0.9997,0.998,0.0,0.0
security_camera,10,3,pso,0.024432364104466912,2.5530909322421415e-05,0.07645277376010601,0.17764104256952462,45,51,1.4838029648028894,0.0036179410170050236,8.819508753362438e-05,8.819508753362438e-05,0.0010245901639344263,0.0010245901639344263,0.9997,0.998,0.0,0.0
security_camera,10,4,pso,0.030881484225335123,2.910857226420688e-05,0.04732094633809278,0.211559949077119,59,46,1.2527514596124412,0.0036179410170050236,8.819508753362438e-05,8.819508753362438e-05,0.0010245901639344263,0.0010245901639344263,0.9997,0.998,0.0,0.0
security_camera,10,5,pso,0.04316852641299277,6.087181185630409e-05,0.05045266013612342,0.21330652117411691,43,45,1.2671574118754263,0.0036179410170050236,8.819508753362438e-05,8.819508753362438e-05,0.0010245901639344263,0.0010245901639344263,0.9997,0.998,0.0,0.0
security_camera,10,6,pso,0.0325108346119966,3.3637295307048797e-05,0.03703819956243109,0.1872202689745916,46,50,1.2347862068054662,0.0036179410170050236,8.819508753362438e-05,8.819508753362438e-05,0.0010245901639344263,0.0010245901639344263,0.9997,0.998,0.0,0.0
security_camera,10,7,pso,0.049999999999999996,4.053992400931951e-05,0.036121348136451834,0.19367902680688065,38,31,1.295773901419948,0.0036179410170050236,8.819508753362438e-05,8.819508753362438e-05,0.0010245901639344263,0.0010245901639344263,0.9997,0.998,0.0,0.0
security_camera,10,8,pso,0.036019723739619855,4.4542331679233796e-05,0.03404323005114904,0.21570271864276627,50,49,1.261903688126576,0.0036179410170050236,8.819508753362438e-05,8.819508753362438e-05,0.0010245901639344263,0.0010245901639344263,0.9997,0.998,0.0,0.0
webcam,0,0,conservative,0.002,1e-05,0.03,0.35,32,64,1.3,0.2600191754554171,0.04218600191754554,0.0023010546500479385,0.04218600191754554,0.0023010546500479385,1.0,1.0,0.0,0.0
webcam,1,1,pso,0.03237267279828588,1.5055707461564367e-05,0.011313355461062083,0.42983271701075987,60,26,1.3775378600367774,0.2703739213806328,0.043528283796740175,0.0030680728667305847,0.043528283796740175,0.0030680728667305847,1.0,1.0,0.0,0.0
webcam,1,2,pso,0.017787442012525575,0.0001502612033226282,0.047076156538327196,0.5462211649227942,36,105,1.0331033735222246,0.262895493767977,0.042569511025886866,0.0024928092042186003,0.042569511025886866,0.0024928092042186003,1.0,1.0,0.0,0.0
webcam,1,3,pso,0.01444402956224165,0.0006004438089425324,0.006101679386116604,0.19727662269002844,30,53,1.1510110765516337,0.27785234899328853,0.04372003835091083,0.005177372962607862,0.04372003835091083,0.005177372962607862,1.0,1.0,0.0,0.0
webcam,1,4,pso,0.02425630549321064,1.0381775807649147e-05,0.008601810603137135,0.4372320873208113,35,72,1.4085671997428766,0.26922339405560886,0.04333652924256951,0.0030680728667305847,0.04333652924256951,0.0030680728667305847,1.0,1.0,0.0,0.0
webcam,1,5,pso,0.0006457298423564652,0.0004881546736459972,0.03539533802740367,0.5550008253337487,43,127,1.2983611082440105,0.24966442953020135,0.04065196548418025,0.0019175455417066154,0.04065196548418025,0.0019175455417066154,1.0,1.0,0.0,0.0
webcam,1,6,pso,0.013807367742369124,1.2565045157569054e-05,0.010876130406605814,0.22785833501603164,39,66,1.1156797434393004,0.2755512943432407,0.043528283796740175,0.004793863854266539,0.043528283796740175,0.004793863854266539,1.0,1.0,0.0,0.0
webcam,1,7,pso,0.004229512823403663,2.01185907785265e-05,0.019322620445105312,0.5805365906580852,37,66,1.2904396387523938,0.26116970278044105,0.0423777564717162,0.0023010546500479385,0.0423777564717162,0.0023010546500479385,1.0,1.0,0.0,0.0
webcam,1,8,pso,0.0015625333132270281,0.00021222135599578568,0.008030364615189535,0.19492701839638846,36,31,1.4066129038787425,0.2600191754554171,0.04218600191754554,0.0023010546500479385,0.04218600191754554,0.0023010546500479385,1.0,1.0,0.0,0.0
webcam,2,1,pso,0.00997500204841711,2.0894573009372932e-05,0.03476678690073636,0.5355911983178292,61,76,1.383502323056207,0.262895493767977,0.042569511025886866,0.0024928092042186003,0.042569511025886866,0.0024928092042186003,1.0,1.0,0.0,0.0
webcam,2,2,pso,0.003345154104319034,0.00028836322195960123,0.038182771870396294,0.5458100242352635,41,113,1.2603424367176725,0.26116970278044105,0.0423777564717162,0.0023010546500479385,0.0423777564717162,0.0023010546500479385,1.0,1.0,0.0,0.0
webcam,2,3,pso,0.009850183005163599,0.0005130048572879082,0.015236775980702442,0.44844771395689753,45,122,1.334152800544096,0.262895493767977,0.042569511025886866,0.0024928092042186003,0.042569511025886866,0.0024928092042186003,1.0,1.0,0.0,0.0
webcam,2,4,pso,0.0007619142064915243,4.211646097439074e-05,0.019841054836997433,0.5413279879546437,43,128,1.3418327786742397,0.2508149568552253,0.04084372003835091,0.0019175455417066154,0.04084372003835091,0.0019175455417066154,1.0,1.0,0.0,0.0
webcam,2,5,pso,0.000604023497119156,0.0004978910084754919,0.03729532094586667,0.5671113099584337,42,128,1.2802596198362926,0.24966442953020135,0.04065196548418025,0.0019175455417066154,0.04065196548418025,0.0019175455417066154,1.0,1.0,0.0,0.0
webcam,2,6,pso,0.004860534579732711,0.0006073096158713527,0.012483733413909992,0.6,38,95,1.2415614420065544,0.26116970278044105,0.0423777564717162,0.0023010546500479385,0.0423777564717162,0.0023010546500479385,1.0,1.0,0.0,0.0
webcam,2,7,pso,0.002365164049454094,0.0013875558982441825,0.022301106894881934,0.5773883378941118,39,65,1.2561229398531755,0.2565675934803452,0.04161073825503356,0.0023010546500479385,0.04161073825503356,0.0023010546500479385,1.0,1.0,0.0,0.0
webcam,2,8,pso,0.0007500836641135948,0.000400963634067594,0.05419511129196816,0.6,36,91,1.224800610794673,0.24966442953020135,0.04065196548418025,0.0019175455417066154,0.04065196548418025,0.0019175455417066154,1.0,1.0,0.0,0.0
webcam,3,1,pso,0.0004999999999999999,0.0011230840008764312,0.07646773723407123,0.6,60,127,1.3493218902324302,0.24851390220517736,0.04046021093000959,0.0019175455417066154,0.04046021093000959,0.0019175455417066154,1.0,1.0,0.0,0.0
webcam,3,2,pso,0.0004999999999999999,0.0005741019182409917,0.03199875260958194,0.553469160741603,46,128,1.4713255704016603,0.24851390220517736,0.04046021093000959,0.0019175455417066154,0.04046021093000959,0.0019175455417066154,1.0,1.0,0.0,0.0
webcam,3,3,pso,0.0008693593240435253,0.0004489059409917015,0.04772282793687081,0.6,55,128,1.442565870035389,0.2508149568552253,0.04084372003835091,0.0019175455417066154,0.04084372003835091,0.0019175455417066154,1.0,1.0,0.0,0.0
webcam,3,4,pso,0.0004999999999999999,0.0020000000000000005,0.05328152866624611,0.6,49,128,1.2385141253356637,0.24851390220517736,0.04046021093000959,0.0019175455417066154,0.04046021093000959,0.0019175455417066154,1.0,1.0,0.0,0.0
webcam,3,5,pso,0.0006134770272442346,0.0004908483828852255,0.03730099371539875,0.5658311784579487,43,127,1.2947822995574536,0.24966442953020135,0.04065196548418025,0.0019175455417066154,0.04065196548418025,0.0019175455417066154,1.0,1.0,0.0,0.0
webcam,3,6,pso,0.0013109204733834478,0.0020000000000000005,0.06378905030727125,0.6,43,128,1.339986854312213,0.25311601150527324,0.04122722914669223,0.0019175455417066154,0.04122722914669223,0.0019175455417066154,1.0,1.0,0.0,0.0
webcam,3,7,pso,0.0005494008015265709,0.0020000000000000005,0.02845082956631885,0.5459563812903748,41,128,1.2896138430400699,0.24966442953020135,0.04065196548418025,0.0019175455417066154,0.04065196548418025,0.0019175455417066154,1.0,1.0,0.0,0.0
webcam,3,8,pso,0.0004999999999999999,0.0008256817128531369,0.1,0.6,41,128,1.1966878958642992,0.24851390220517736,0.04046021093000959,0.0019175455417066154,0.04046021093000959,0.0019175455417066154,1.0,1.0,0.0,0.0
webcam,4,1,pso,0.0004999999999999999,0.0020000000000000005,0.1,0.6,59,128,1.3253955872557865,0.24851390220517736,0.04046021093000959,0.0019175455417066154,0.04046021093000959,0.0019175455417066154,1.0,1.0,0.0,0.0
webcam,4,2,pso,0.0004999999999999999,0.0011225213403654069,0.036515279429846365,0.5628549709949268,64,128,1.4773410318829,0.24851390220517736,0.04046021093000959,0.0019175455417066154,0.04046021093000959,0.0019175455417066154,1.0,1.0,0.0,0.0
webcam,4,3,pso,0.0004999999999999999,0.0008503994363984338,0.1,0.6,64,128,1.4026349883067613,0.24851390220517736,0.04046021093000959,0.0019175455417066154,0.04046021093000959,0.0019175455417066154,1.0,1.0,0.0,0.0
webcam,4,4,pso,0.0004999999999999999,0.0020000000000000005,0.1,0.6,59,128,1.316679388809419,0.24851390220517736,0.04046021093000959,0.0019175455417066154,0.04046021093000959,0.0019175455417066154,1.0,1.0,0.0,0.0
webcam,4,5,pso,0.0006133609142793693,0.0012139152400601147,0.0940635502322241,0.6,64,126,1.3730380696892595,0.24851390220517736,0.04046021093000959,0.0019175455417066154,0.04046021093000959,0.0019175455417066154,1.0,1.0,0.0,0.0
webcam,4,6,pso,0.0004999999999999999,0.0020000000000000005,0.1,0.6,61,128,1.4136996488351599,0.24851390220517736,0.04046021093000959,0.0019175455417066154,0.04046021093000959,0.0019175455417066154,1.0,1.0,0.0,0.0
webcam,4,7,pso,0.0004999999999999999,0.0020000000000000005,0.040112007650037584,0.5512974795726951,47,128,1.35898802405596,0.24851390220517736,0.04046021093000959,0.0019175455417066154,0.04046021093000959,0.0019175455417066154,1.0,1.0,0.0,0.0
webcam,4,8,pso,0.0004999999999999999,0.0014288050959279032,0.1,0.6,64,128,1.37494479650052,0.24851390220517736,0.04046021093000959,0.0019175455417066154,0.04046021093000959,0.0019175455417066154,1.0,1.0,0.0,0.0
webcam,5,1,pso,0.0004999999999999999,0.0020000000000000005,0.08543746429378517,0.6,60,128,1.3600305903171421,0.24851390220517736,0.04046021093000959,0.0019175455417066154,0.04046021093000959,0.0019175455417066154,1.0,1.0,0.0,0.0
webcam,5,2,pso,0.0004999999999999999,0.001415216265729071,0.05387654989049596,0.5993331783051704,55,128,1.3209677591863656,0.24851390220517736,0.04046021093000959,0.0019175455417066154,0.04046021093000959,0.0019175455417066154,1.0,1.0,0.0,0.0
webcam,5,3,pso,0.0004999999999999999,0.0016407765460116665,0.1,0.6,64,128,1.3460199354705684,0.24851390220517736,0.04046021093000959,0.0019175455417066154,0.04046021093000959,0.0019175455417066154,1.0,1.0,0.0,0.0
webcam,5,4,pso,0.0004999999999999999,0.0020000000000000005,0.06338904804159547,0.6,54,128,1.4079418703180302,0.24851390220517736,0.04046021093000959,0.0019175455417066154,0.04046021093000959,0.0019175455417066154,1.0,1.0,0.0,0.0
webcam,5,5,pso,0.0005821541771932966,0.0020000000000000005,0.1,0.6,64,126,1.425708711848156,0.24851390220517736,0.04046021093000959,0.0019175455417066154,0.04046021093000959,0.0019175455417066154,1.0,1.0,0.0,0.0
webcam,5,6,pso,0.0004999999999999999,0.0020000000000000005,0.1,0.6,64,128,1.3885178438527432,0.24851390220517736,0.04046021093000959,0.0019175455417066154,0.04046021093000959,0.0019175455417066154,1.0,1.0,0.0,0.0
webcam,5,7,pso,0.0004999999999999999,0.001829031969483018,0.05372832850369279,0.6,55,128,1.3997202755959237,0.24851390220517736,0.04046021093000959,0.0019175455417066154,0.04046021093000959,0.0019175455417066154,1.0,1.0,0.0,0.0
webcam,5,8,pso,0.0004999999999999999,0.0011996704916300476,0.09557070806534784,0.6,59,128,1.2295104095416545,0.24851390220517736,0.04046021093000959,0.0019175455417066154,0.04046021093000959,0.0019175455417066154,1.0,1.0,0.0,0.0
webcam,6,1,pso,0.0004999999999999999,0.0020000000000000005,0.07103839635642584,0.6,61,128,1.364891121615297,0.24851390220517736,0.04046021093000959,0.0019175455417066154,0.04046021093000959,0.0019175455417066154,1.0,1.0,0.0,0.0
webcam,6,2,pso,0.0004999999999999999,0.0010587934066979383,0.1,0.5658965259945139,48,128,1.3653787913914917,0.24851390220517736,0.04046021093000959,0.0019175455417066154,0.04046021093000959,0.0019175455417066154,1.0,1.0,0.0,0.0
webcam,6,3,pso,0.0004999999999999999,0.00177766805959904,0.1,0.6,61,128,1.3150994010142543,0.24851390220517736,0.04046021093000959,0.0019175455417066154,0.04046021093000959,0.0019175455417066154,1.0,1.0,0.0,0.0
webcam,6,4,pso,0.0004999999999999999,0.0020000000000000005,0.04757914374994606,0.6,48,128,1.4106434651185176,0.24851390220517736,0.04046021093000959,0.0019175455417066154,0.04046021093000959,0.0019175455417066154,1.0,1.0,0.0,0.0
webcam,6,5,pso,0.0004999999999999999,0.0016412492647268017,0.0981816859837399,0.6,64,126,1.33678628276087,0.24851390220517736,0.04046021093000959,0.0019175455417066154,0.04046021093000959,0.0019175455417066154,1.0,1.0,0.0,0.0
webcam,6,6,pso,0.0004999999999999999,0.0014988271643752245,0.1,0.6,64,128,1.3723901146669792,0.24851390220517736,0.04046021093000959,0.0019175455417066154,0.04046021093000959,0.0019175455417066154,1.0,1.0,0.0,0.0
webcam,6,7,pso,0.0004999999999999999,0.001292454713646277,0.07097753199853107,0.5756051972146025,57,128,1.3239173306527139,0.24851390220517736,0.04046021093000959,0.0019175455417066154,0.04046021093000959,0.0019175455417066154,1.0,1.0,0.0,0.0
webcam,6,8,pso,0.0004999999999999999,0.0007053566707083379,0.07856031808810143,0.6,41,128,1.2681289963024998,0.24851390220517736,0.04046021093000959,0.0019175455417066154,0.04046021093000959,0.0019175455417066154,1.0,1.0,0.0,0.0
webcam,7,1,pso,0.0004999999999999999,0.0005722069324517595,0.07443568984918603,0.6,60,128,1.3406859278983543,0.24851390220517736,0.04046021093000959,0.0019175455417066154,0.04046021093000959,0.0019175455417066154,1.0,1.0,0.0,0.0
webcam,7,2,pso,0.0004999999999999999,0.0005199867138620933,0.1,0.5769265793889944,46,128,1.387808962372586,0.24851390220517736,0.04046021093000959,0.0019175455417066154,0.04046021093000959,0.0019175455417066154,1.0,1.0,0.0,0.0
webcam,7,3,pso,0.0004999999999999999,0.0008024352861100704,0.09429055775779158,0.6,60,128,1.3884672412924481,0.24851390220517736,0.04046021093000959,0.0019175455417066154,0.04046021093000959,0.0019175455417066154,1.0,1.0,0.0,0.0
webcam,7,4,pso,0.0004999999999999999,0.0018808331120544425,0.04584057807758968,0.6,62,128,1.317804629751417,0.24851390220517736,0.04046021093000959,0.0019175455417066154,0.04046021093000959,0.0019175455417066154,1.0,1.0,0.0,0.0
webcam,7,5,pso,0.0005086726675962504,0.0006173557846914871,0.08903058178671405,0.6,64,127,1.2852835260014075,0.24851390220517736,0.04046021093000959,0.0019175455417066154,0.04046021093000959,0.0019175455417066154,1.0,1.0,0.0,0.0
webcam,7,6,pso,0.0004999999999999999,0.0018094837147093214,0.06978207676147401,0.6,63,128,1.3575706357482682,0.24851390220517736,0.04046021093000959,0.0019175455417066154,0.04046021093000959,0.0019175455417066154,1.0,1.0,0.0,0.0
webcam,7,7,pso,0.0004999999999999999,0.0011591168928194848,0.054184312920762354,0.5669136721665265,47,128,1.315103151416131,0.24851390220517736,0.04046021093000959,0.0019175455417066154,0.04046021093000959,0.0019175455417066154,1.0,1.0,0.0,0.0
webcam,7,8,pso,0.0004999999999999999,0.0007544669119550851,0.0866574532801545,0.6,33,128,1.2663023904585002,0.24851390220517736,0.04046021093000959,0.0019175455417066154,0.04046021093000959,0.0019175455417066154,1.0,1.0,0.0,0.0
webcam,8,1,pso,0.0004999999999999999,0.000558820964156675,0.08249017422434368,0.6,60,128,1.3372771837084492,0.24851390220517736,0.04046021093000959,0.0019175455417066154,0.04046021093000959,0.0019175455417066154,1.0,1.0,0.0,0.0
webcam,8,2,pso,0.0004999999999999999,0.0005284666335699807,0.059591536776366624,0.5909699448993205,59,128,1.5174666806004589,0.24851390220517736,0.04046021093000959,0.0019175455417066154,0.04046021093000959,0.0019175455417066154,1.0,1.0,0.0,0.0
webcam,8,3,pso,0.0004999999999999999,0.000583515397562949,0.09183675278359503,0.6,63,128,1.4256518775142146,0.24851390220517736,0.04046021093000959,0.0019175455417066154,0.04046021093000959,0.0019175455417066154,1.0,1.0,0.0,0.0
webcam,8,4,pso,0.0004999999999999999,0.001273604618197998,0.06924904252112396,0.6,63,128,1.1828063161964013,0.24851390220517736,0.04046021093000959,0.0019175455417066154,0.04046021093000959,0.0019175455417066154,1.0,1.0,0.0,0.0
webcam,8,5,pso,0.0005423747819750935,0.0009403378970544265,0.07009450501964384,0.6,62,126,1.3289053159873399,0.24851390220517736,0.04046021093000959,0.0019175455417066154,0.04046021093000959,0.0019175455417066154,1.0,1.0,0.0,0.0
webcam,8,6,pso,0.0004999999999999999,0.0013582649291650102,0.0692448188652765,0.6,57,128,1.4077899125019755,0.24851390220517736,0.04046021093000959,0.0019175455417066154,0.04046021093000959,0.0019175455417066154,1.0,1.0,0.0,0.0
webcam,8,7,pso,0.0004999999999999999,0.0013498421214116945,0.043406970445762666,0.5703451645895706,57,128,1.388455760823509,0.24851390220517736,0.04046021093000959,0.0019175455417066154,0.04046021093000959,0.0019175455417066154,1.0,1.0,0.0,0.0
webcam,8,8,pso,0.0004999999999999999,0.001135320677565737,0.09259551648338367,0.6,50,128,1.2352948073393268,0.24851390220517736,0.04046021093000959,0.0019175455417066154,0.04046021093000959,0.0019175455417066154,1.0,1.0,0.0,0.0
webcam,9,1,pso,0.0004999999999999999,0.0015751910437457732,0.08193360740405947,0.6,60,128,1.339524035862544,0.24851390220517736,0.04046021093000959,0.0019175455417066154,0.04046021093000959,0.0019175455417066154,1.0,1.0,0.0,0.0
webcam,9,2,pso,0.0004999999999999999,0.0008278792466322398,0.02656328263017034,0.553793507424446,52,128,1.4590755795009784,0.24851390220517736,0.04046021093000959,0.0019175455417066154,0.04046021093000959,0.0019175455417066154,1.0,1.0,0.0,0.0
webcam,9,3,pso,0.0004999999999999999,0.0017564268380886585,0.07398212734147856,0.6,64,128,1.4263093964095581,0.24851390220517736,0.04046021093000959,0.0019175455417066154,0.04046021093000959,0.0019175455417066154,1.0,1.0,0.0,0.0
webcam,9,4,pso,0.0004999999999999999,0.001024347006495344,0.09638606193092382,0.6,44,128,1.2376477712255372,0.24851390220517736,0.04046021093000959,0.0019175455417066154,0.04046021093000959,0.0019175455417066154,1.0,1.0,0.0,0.0
webcam,9,5,pso,0.0005959467495830934,0.0015172967969079923,0.07109918263748796,0.6,59,126,1.4414555771806494,0.24851390220517736,0.04046021093000959,0.0019175455417066154,0.04046021093000959,0.0019175455417066154,1.0,1.0,0.0,0.0
webcam,9,6,pso,0.0004999999999999999,0.0010852821473876552,0.07974044821117704,0.6,61,128,1.4197358525808226,0.24851390220517736,0.04046021093000959,0.0019175455417066154,0.04046021093000959,0.0019175455417066154,1.0,1.0,0.0,0.0
webcam,9,7,pso,0.0004999999999999999,0.001402296861255914,0.05956038469642302,0.5916316910702724,64,128,1.3686141924749462,0.24851390220517736,0.04046021093000959,0.0019175455417066154,0.04046021093000959,0.0019175455417066154,1.0,1.0,0.0,0.0
webcam,9,8,pso,0.0004999999999999999,0.0014434051395183197,0.07775806334095899,0.6,60,128,1.2602335532975175,0.24851390220517736,0.04046021093000959,0.0019175455417066154,0.04046021093000959,0.0019175455417066154,1.0,1.0,0.0,0.0
webcam,10,1,pso,0.0004999999999999999,0.0019235110984329813,0.07535333375807869,0.6,60,128,1.3564307325796345,0.24851390220517736,0.04046021093000959,0.0019175455417066154,0.04046021093000959,0.0019175455417066154,1.0,1.0,0.0,0.0
webcam,10,2,pso,0.0004999999999999999,0.0013889514739044936,0.02385304363863916,0.5534304268894182,52,128,1.2659813575124097,0.24851390220517736,0.04046021093000959,0.0019175455417066154,0.04046021093000959,0.0019175455417066154,1.0,1.0,0.0,0.0
webcam,10,3,pso,0.0004999999999999999,0.0018045836669226011,0.07057057643220918,0.6,64,128,1.3850226631188645,0.24851390220517736,0.04046021093000959,0.0019175455417066154,0.04046021093000959,0.0019175455417066154,1.0,1.0,0.0,0.0
webcam,10,4,pso,0.0004999999999999999,0.001091272509413359,0.058211297084950105,0.6,37,128,1.3212495961994222,0.24851390220517736,0.04046021093000959,0.0019175455417066154,0.04046021093000959,0.0019175455417066154,1.0,1.0,0.0,0.0
webcam,10,5,pso,0.0005746598218955473,0.0015977246614168766,0.07725478606979952,0.6,59,126,1.3225874646249896,0.24851390220517736,0.04046021093000959,0.0019175455417066154,0.04046021093000959,0.0019175455417066154,1.0,1.0,0.0,0.0
webcam,10,6,pso,0.0004999999999999999,0.0018473615368520824,0.1,0.6,63,128,1.3489785303996211,0.24851390220517736,0.04046021093000959,0.0019175455417066154,0.04046021093000959,0.0019175455417066154,1.0,1.0,0.0,0.0
webcam,10,7,pso,0.0004999999999999999,0.0016118930255326718,0.08121146520145912,0.5664857529843943,48,128,1.340013535532032,0.24851390220517736,0.04046021093000959,0.0019175455417066154,0.04046021093000959,0.0019175455417066154,1.0,1.0,0.0,0.0
webcam,10,8,pso,0.0004999999999999999,0.0011780743202429685,0.08090086478051967,0.6,46,128,1.317542266593616,0.24851390220517736,0.04046021093000959,0.0019175455417066154,0.04046021093000959,0.0019175455417066154,1.0,1.0,0.0,0.0
